Question ID,Correct Answer Key,Answer Key
1afa02df02c908a558b4036e80242fac,A,A
a7ab086045575bb497933726e4e6ad28,A,A
b8c0a4703079cf661d7261a60a1bcbff,B,C
e68fb2448fd74e402aae9982aa76e527,A,A
2435de612dd69f2012b9e40d6af4ce38,A,A
a4892551cb4beb279653ae52d0de4c89,C,"
I. Understand the problem:

The problem asks for the island country where ferrets are popular. However, there is no information in the problem about islands or countries being associated with ferrets being kept in a specific way (e.g., in a hutch, outdoors, or own home). Therefore, none of the given choices (A, B, C, D, and E) can be directly linked to ferrets being popular in an island country.

Hence, based on the available information, the problem has no correct answer.

Correct answer letter: None."
118a9093a30695622363455e4d911866,B,B
05ea49b82e8ec519e82d6633936ab8bf,D,A
c0c07ce781653b2a2c01871ba2bcba93,A,A
1d24f406b6828492040b405d3f35119c,C,E
57f92025d860e32c4e780c0d51c1c20c,E,A
81eb4b2ee66edd8bc91ee944697c4e9f,D,D
d807e7ae60976324920c8d29eb42dad6,A,A
7ea9f721ffc662918bb0c0937a487f04,D,A
fc1d33a2301a30214523c12573f81aba,C,C
3b8e1d236f5169b6c833a994d6d9c39a,D,A
c5c4166f2ed3c2b3517b79e6848e9ae2,D,D
6dc5b2884737e66543ce65f8dc40c992,E,A
8af63d58cc35061dec38e5448c325988,E,C
768fb09deab56046e1565b6a2556ad5c,D,A
cd639cf3ff82f825ace7dd2b087562bd,D,D
8d79cc5e4eea11f50fab18fdea20fd4f,C,C
e5ad2184e37ae88b2bf46bf6bc0ed2f4,D,B
b8b287b6277fccd4b7c9c72577177328,D,D
f646f3e064f06423fc25b98500796cf0,E,C
b0f7d7978ac41c465108a92660d70e84,D,D
54075de8b8b89ecef2e4eb4eaee2713d,B,"
Selction A: The weasel was becoming a problem, it kept getting into the chicken eggs kept in the A: barn.

Explanation: Based on common sense and the context of the question, it is clear that a ""barn"" is the most likely answer. Weasels are common predators of poultry and are often found near chicken coops or barns. A ""forest,"" ""public office,"" ""out of doors,"" or ""freezer"" does not fit the context of the problem, as none of these options provide a suitable shelter or dwelling place for chickens or their eggs and do not make sense in the context of a weasel getting into them."
65435b996ce9d1685bebb74b49c1ba7f,A,A
9889e5389917d812c09d6e5d382d333d,B,B
a651ffa44ac5febf0aede6748899b981,B,A
bdcfbe2132295d437e4c5701085f19c0,B,B
8d3dc21a53523850ec80771daaa5ff20,A,C
a80ee7775e934c423012fe98e20ba28b,E,E
48a315cfa3ce11f7a9d615bc854331d5,D,B
4acd496cc78d96c2431279a5fd87de7c,E,A
91e0f4ab62c9d2fd440d73a3f5308d96,C,C
b61e849e44db16a581f0b65e28ab95dc,C,A
ba6bd1bdef02d0ebfe5370f92365ae18,B,A
dc55d473c22b04877b11d584f9548194,A,A
113aaea2b1a27a976547f54e531d99bb,B,B
ba640b9634ad6b4ad98b17b4f152e562,B,B
750ebdf36a0b3b407be0fe2163e3700b,B,B
8f01273422a370a8dbda6bf473a395a0,E,E
e6586bba9fe96d38792e6e6d4f2703dc,E,E
6e433471d0e2590b8c73ceef275022b1,D,D
1bc986f8aea88d6927d8a45367855a94,E,A
8d1563697d751a364d688d6701ebdb39,A,A
91f512273a2da7ae796919069b20d6cf,E,E
49cda7eedbf63b3f38e59ba72f1ee1f9,E,C
a588407ecaecf0f30c2241c30b470fe2,C,A
011096bcfff30fd38046cf9db3a411c5,C,C
435a728f45d32faa4b3c4553c966fd6b,B,B
e953dee48c70159ad879143a319ec607,D,B
9c784727afd7176b54764055df7a7927,C,A
b47d912136e3304cb5e5890b6b879551,D,D
49b4c9e1bd7946a819e173ce8fa4c7c9,E,E
950af0b765c298960ce3dada66df8db1,B,A
63cf1adb5fe302b9867ead8bc8103d0b,D,C
ede4d302fc2ffe07703158f83c1493f2,B,C
74ad13a03634e79c85382f1b90969b74,A,A
49e466b1782aa4837dae53ff891fcdee,B,B
a8a8ae7792901c7179ff5538c701af1f,E,C
2ffa3808ce26181926990b454e429c85,C,A
4319eaa36d256a92b72445c0392f9c94,D,"
Selction D: field.

Explanation: A snake is an animal that inhabits various types of environments, including grasslands. The other options do not fit the description as a tree is not an inhabitable environment for snakes, a jar is an inanimate object, pet shops sell various animals including snakes, but the question asks where you can ""find"" a snake, not where you can purchase one, and a tropical forest is a type of forest, but it's not the only place where snakes can be found in grassy areas."
ec79ef747bb89281923edb89ba26786d,A,A
2d33cde5e3987adc8fa2bca0af4dd3dd,A,C
cc46d936bf69d69a3863b0cb85d75c17,D,none
46bc1a50eeead10509a43a048e01194e,A,A
4336a8c55b7cb17275d1c60206cd2f18,C,A
a287575d3ba4b9f958536fc14a1f5b5a,D,D
f481dc35b0a97a20dc5cdfe1a59746e2,E,E
c1c7a9efa379b8a7024a71cf364a144c,E,A
821b32d39f57396979069b948030afe9,D,A
c68b4082a6872cf8198502651d0f3352,A,A
dd11fea36d89aa09f9a6069545ba4c9c,C,C
7792b2c6518ecf9775efba6d41253312,B,A
1feb4c2a0e8ed638259f5d27b16eae9a,C,C
2de08c7a518b7c226e19bdc8fc10ef1d,E,E
ea8664e77205224154f8519f922220e1,B,"
A (for the words ""felt that his actions were fate"" imply a lack of free will)"
a64d45cecde84fdcf5f0a79805a0c6fe,C,A
60e92cd2f35c345872d1a898e1718d55,B,B
08f3c187908646997b9080c7e9ea7da4,D,D
9aff72f0c480c2b4edde45bd2e7e4870,E,E
fd243c96edec5b1b8520d5bfeddc6622,A,A
f5ec4fdfd0e37e733bfc1606b986f1e2,E,E
e3c6d147f8a727d314046e70e9579ba0,A,A
8ce13c6e08bf38d4cd4af756b661e47c,D,D
0f4159e80f8dbf682819215bbf0f5b5a_1,B,A
1a8b3c2a46efabcbd506f9cf70886ed0,E,A
db0cfd52ca6b2bbfcf26d1a898fd929b,C,A
400fb2e196e71abb70e5b3f9aab4b9ee,C,E
3fb36127a61903029a363911a1d2b1e9_1,C,A
8494b0b95533dcedbd76ae2916c481d4,D,D
1531f1523f5fd24bbdb42c311dbf90e8,E,A
716ce4404a84b42dd64e561390c4b53b,E,D
5169f7ae0781b15161551de3a189ebef,E,C
ef22ef7aeec70aaa688720f805c1cf38,B,A
514310637fb43a252bfadc8cbf79b277,D,D
9370b2b0897b796dec4a40f107854c8d,B,A
49902e768c45aa41a0f9f95be81114e5,E,A
e1f90cd664a6b150291e6d8444d85c54,B,C
320ec9b68fdefe13d59cc8b628083790,D,E
964185aed0e381853332bca1a4d91f46,D,D
db8e010754c532d78635e5b7cf81a147,E,A
998381f854f51da2a6ccde45909e5168,D,C
bc38ad28e99cff7a65771233f734a007,D,D
e3949997bf9d02048cfa5d8dd0f287aa,E,A
a7d51b753c2113d8b2dbd0ebb5375855,A,A
3e4b326aff96e9adbb52ba18cfa877b2,A,C
5ac83e9e6fa9851ad3cccb0d57c1d88f,E,"
I. Understand the problem:

The problem states that the question is about what would encourage someone to continue playing tennis. It does not mention any situation where the person is tired, has tennis elbow, is exercising, is hungry, or has achieved victory.

II. Plan:

Based on the problem statement, there is no clear indication of which answer is correct. Therefore, it is not possible todeterminethe answer without additional context.

III. Solution:

Correct answer letter: N/A (The question does not provide enough information to determine the answer)

IV. Explanation:

In this case, since the problem statement does not provide enough information to determine the answer, the correct answer is ""N/A"". Each of the given answers (A, B, C, D, or E) could potentially encourage someone to continue playing tennis depending on the specific context and individual motivations. However, none of these answers can be definitively identified as the correct one based on the information provided in the problem statement alone."
2c0030cc14a27be2401dcfdaa501f0fc,C,A
feb83263e6be392351db0794004efc3f,C,A
80697d599280d994d8a584c95824ef1f,E,E
3c1800e7dd96d37fdd3c51b9fe502342,D,D
4da33e6f4b789776acb1bc10195baa83,B,A
ae038e9af9d5a511ada7456b5e73b15e,B,A
a400b9fd1e319f901471c4b42d401c52,E,C
9dffd2021771e0ecddb19031acf3701b,C,A
3730c646fdf54472ab873aac9ff7852e,E,E
175e7dcdded13d5adafaebf2264c3abd,C,C
11d7db1d8e1cff2f40d4184f15cf7ae7,B,A
08db69edf0ec5848c1a53dca8fc1601a,C,E
855ab6ba47f6311104c4d29e24ef0234,D,B
7ec11eeca4221795c117943ca2639e86,D,D
e9389b08fdd17f14b148d498d6ff4dfe,A,A
afa2899cc21e204fa64e63e7839e8c1e,B,B
f898eb5b789d2dc6804edba269f051f0,D,D
7ed7379fc51fd35a47be022f6c56ce51,B,B
15798a23ee6952fedd6d202064069126,E,E
273d0134e8ce53d4ebcf41ca7fde02af,D,D
2f0931adc3d0d422d9ab6264395e89d8,D,D
d00d3ba777cb3889a45799d72fca0a50,C,A
b1f36d1c8ab7e5a28783cb38e8709c27,A,A
a5e76dd088aab4f89e2fe93f6de6e46d,D,A
ac6f0e24dd6203cda43e1089dcf081d6,D,D
1ab746bcd100ccf513055fe93c61010b,B,B
af836abc58e0daf36df1d8d6830b70c5,B,B
2ed66cfd206723a006b37599b516ad6e,E,E
e89a2762d578cb7bc2cc0a5b2a16d933,E,E
43cec0fff43a976fade9112d02b66021,A,A
30e66db11e0257a14a17108b90cd69fb,D,D
f21ef67b31bd36a3174b6b4c7b4bbc7b,E,B
e476e2c8c278eaecfe1a8b884b6aeb8e,B,E
191e3c676f05a11d6b2565d8c27d2001,A,A
99098375c7b651d524eebac72e358238,D,C
290fac9f881a83d8bfb34355f8e71044,E,A
6c36226b23377a0dd0188bf56840e22a,C,C
aa5aa36557a5fbb93391506182f1025c,C,A
a38df3e750b1edd30f905e17af803c61,C,C
dba51270f789c75a2e38a5201b124d99,E,C
1be8ec824eb0c7218b6bc160fd191428,A,A
0e80f2afe5c4f652e8720b52d7c06c87,B,B
b67971747e95ba425a5b81e0ba8d0b28,D,D
fcd39cfa321728fea069a6ae4285b06f,D,A
cb6766fb25daee911fc8e9816b98938c,E,E
54231f875bb7fe4d3e4afb6eae64387c,D,D
7d7f7d7a8ae3b20ca9fc0da6efe467b4,B,E
31b72d4e4ae7c672c20e27e42499ec79,E,A
26ce83b8e9a263079aa8cdbd5258d667,A,C
30138608d4934a75cf0911a06b021374,E,E
01abce8c4964371d85a5be2019f75827,A,A
3e2222c99e11fca2ad4af2d470eb8ea2_1,D,D
847dbf5b73c3e8d49bb9a36491d95e79,C,C
fa031cff8e11e75c68d6a99ef0e5ca3a,B,B
c592258c88295756833e9796e881057b,C,C
e1403a7c581bc263aea2ed8d179826d1,A,A
15c38f66e811d6ed68cde931bc31d93c,E,E
1ac54dbf6b67f27daa3d456416047584,D,D
21763a65765b5405c9a54484c2e54a72,A,A
c492b8b9754a181c924c1df19998cbc7,C,C
fff554fffa1a0adc64b8d1e21d55534b,C,C
8ea5720718c0e122efa6277edb511569,D,B
23e4257a49972efd8a97672f060be1c1,A,A
a018d65a74b9e77d81014fd8f6d78f77,D,D
24ceaf5c10863e73919b5f1b0f2db38e,E,C
900492bd731f8f615ed7c08155737d44,E,E
4e3f85dc92eaad4ae6bc6529d62e382c,B,A
fa1f17ca535c7e875f4f58510dc2f430,E,A
76b6f0765a3b2fba71021f902142edc0,C,E
f1368ab1d4ee05d72d555474fcd737d7,B,A
3dee8fc7f0a3fbf4de111b6686fca157,D,A
ea0e7771afd86a59fd9f7764b77e3fa4,C,C
2c845646032bbf27fb3904330d59d324,E,A
bc08c354e5bead6863ea4a29cb8fa359,E,E
fb35c7aa5694bab2cde4b7257bfae003,C,C
e2a9f0041d17a9944377a91bef5e0d0d,C,E
ae56eff01d05422ddbcb26be7181356a,B,B
895aa97bb84d874d71b2aed572cebfdd,E,E
9d625e948e9c3777e7cc54ed8ffea135,A,A
d107d67d525a686fbd8282314d2ea33c,A,A
fee5ff19811750ad019665af7b36b3c4,A,A
e69da59cbcf2a302e4523571eba8186b,E,A
2dd138a63b5895cf737ced793cc668e7,E,E
b33047f46db680a9b630c13e8ca115cc,E,C
f20d40bc4af588223e880e0bb58b27b8,C,C
b6b66d4519a84b8331ea55f84767e9df,A,A
952cf4b2f7a434b2eeae9f4c7ed89c0a,E,A
b63e5cd88bfe75d29ff9fdc6dd97fed6,A,A
ec5a336080e37fbe95d72ad5f9c65ba7,C,C
6386bcf080633bc3eeb3317a5435b7b7,E,D
43ab0ff711e60d51f943bbd2cdd6515a,E,E
11c4c78d61e8212f0984fd07eb22b669,A,E
e61891746aa94ab57aaa754614034aef,C,E
97da9aa4ea4b22744ec51cba49f35bfc,C,C
46241bc83e8d81196ae5783b2b9854a4,E,E
18844d3aa4e52b331b5382c8244cf4db,A,A
056b33c7050c167b0d4348d40d169358,B,A
31d7dd1d00aabe411568df3e72d5b5e0,D,A
cbf3dd48b4d591fc872a53cd4b9dd3af,C,A
60e8f1a86d4063895f340cd1e3c55f50,C,C
eee8cb7a0d806a62d2de24831f82e3e1,A,A
9a23a7f04e63bf9f4c7dfe50c58abfd2,C,C
e3426e4f60c142aa3d813479f79d6305,C,C
3526550b02d9594abd4fc43553010fc6,D,D
e567c94d88829fb07a30e3d46c02e664,E,C
cf5a710c931779fb3dde198e0ace3b6a,E,E
0f2377604e628c55ba588366139396b9,E,D
ada088b7c97de80336ad043757c2db16,A,A
beef0aa2058297904bb4acc1dc340c85,B,B
ba9a05bd2086c0d37733e26479d6630f,E,D
6b0bf501aa68b06ddc5ad72ac5ff68fc,C,C
926298bbdd03ce96acfeb4408b888b61,B,A
faa0aa438b94c19be8ff52ee80d9e298,A,C
9310c39a0752f28640c3a05cba1d5ca7,E,E
fee5f4e9d8e37f0183e36eb9b8dbcbb9,A,A
5392af3f1c4665e95ff3354e5115de42,D,B
4c5c74b3287492d6ddb2da4c8c0fd51a,C,C
52f3eb6c9a6b9671050fc769d465ed03,A,A
03ee30b5801b61aee791a551a9d9a49f,A,A
6d1d483745bc0aae0f4dd04e851ceffb,B,A
bf10bfda7328c8671e15adf8546b64d7,C,C
0b3a3ee40dd25be9735ac5e3342ca4dd,E,E
77e2a0b469b56bea81921a4a945ffcb5,A,D
dc964e4f6df6b70815e81e466d0ff717,B,B
6b9221c1af583ffb43580857d6fde38a,B,B
4dc2c4596b08e9bfd893174e67bff40a,D,"
I. Understanding the problem:

The problem describes a lady who eats excessively and then engages in an action due to mental issues. The choices presented do not directly relate to eating or mental issues.

II. Plan:

1. Identify the mental issue - this information is not provided in the question.
2. Analyze each choice individually to determine if it matches the description in the problem.

III. Solution - there is not enough information given in the problem to determine which answer, if any, is correct. The choices do not fit the description.

IV. Output:

Correct answer letter: None."
8ae24d3ff199077a59e0d970feb665b7,A,A
d64a676e9d22e7edd12e7f4ce267a9f0,B,E
54ecb521df1d0f5b130a393c42b4126d,C,C
b7276bb9139ec25c98c7e3822404eb6c,B,B
ecb8758b0d088f9aedc182a516dd1190,E,E
f2645d0ee8662b6553954cee7e77979e,B,B
ea6d1a739ea841be282e13789270651e,C,C
c82ed0c2a2e115452b4d596c5faafbcf,D,"
Selction D: bone.

Explanation: Of the given choices, a dog is most likely to enjoy a bone as a treat. The other options, such as salad, petted, affection, and lots of attention, are not typically considered treats for dogs. Dogs may enjoy these things, but they are not the same as a treat. A bone is a substance that dogs find rewarding and enjoyable to chew on, making it the best choice from the given options."
163d83851ecd4a4144b31b8738e4c335,B,"
A or B

Explanation:
The problem states that ""it's now acceptable for them to wear what?"" where ""they"" refers to women. Therefore, the correct answer should be something socially acceptable for women to wear in modern times. Both A and B are socially acceptable clothes for women in contemporary society. Therefore, no definitive answer can be given without additional context, but between the given options, both A and B are viable answers."
095767956c500ca1af7cf7671556de5b,A,D
d31ee38f67d1173275e120b8ad36039c,C,C
c410a4626dfce4b4cfd3e5937602cd77,A,A
14d760e43728e9e4643c414627f2b596,E,C
abcf1b550b4d44f46d4f68b8e1d98ec8,D,D
5b8af6f26335dbd501b0104c71e26d9e,B,B
4364b4b342fb7b44434bd6694bf8fd51,D,A
3ffe67fb009529d9b0c49ccd7141ee4a,D,D
f372587fa4c99d5bebf0d0eb987c44e2,E,E
d35a8a3bd560fdd651ecf314878ed30f,E,A
0542414710025f56b0c26e1bae5c4d06,A,A
1875f70cf736c68c7a9df3ef870224a1,A,A
83250ae2dfeb2e3886ead4cde8e1290f,C,C
70c39372c0d50566554fd72c768b75f6,E,E
c21ec5b367f409a0288d616f626555ae,A,A
a2cd03ed068f6d613e85f3a60f4db0a1,C,C
d2871dc28c82471e5d7f71f79e49c257,D,D
94770e75c4e2000e717b4218ddff19e8,D,A
08ad17d3ca1838b8724d21cf5921ec52,D,D
21fb76bd8349628b441c76f47c33e77b,A,A
e151b44e0a7bf08a1dd3c861eef09161,C,A
46351b3a6beb694c5f623583a3b1473d,B,A
db75e16788cf56d5dfb9773eaf91fe7e,E,E
ffd89796a9b09bef56c5803f188764c6,A,A
5622e49306bb82ec1cec817ad0506c60,C,C
6efaeb796307036719635242fa5ad0f3,E,A
114d310d1198abffaf8b88dab5a55aa7,C,C
0f79faf5337706f2e0e39c15bbd2e99a,B,A
b62d7d1b5eec31be0b65146a9fc069e0,B,A
1342c6aec9f5179d6ea6fa5fefbe5188,D,A
c74ae684ba6c76e2a913493483678c9d,A,C
411e50225637b76187cc36b24fe3127c,C,C
2a0e82bbf1471290c93c8f2a11af197f,C,D
eaadd7a4b18cb48c00f85c3975750fe7,A,A
403c9b067ef7363efffa822bb08c5426,B,A
adf228312401c9ff421a4da1b46bb70a,E,A
57c85e4c7ea2501ef9d8f304b524e2e4,B,B
c22f30eee57f7191ee07e9a916460f68,A,D
026cb9c07a583ec933f2c4c67ae73836,B,A
c57ed32566a2db1ec3d6e4fd595b9d05,C,C
93b52e7ea1acf10db891e9355e234123,A,A
dbdad44029098d4b1d202d6d857d6092,A,A
69d0f70c173dda17934836d618ca7093,C,A
e5697a25935c5249d2108f55e245f3e4,C,C
99af85081085e6228c6d78c95be01968,E,E
235094c966bcbdc94701b41b969f9c75,B,A
99789083502af9bf111876a00fae44ac,C,E
1d44fb5f4b7f1e23ff6c1c083db81ba1,E,C
194b66240f6fab75749c1e30ed09ea09,E,E
83dad4fe630fddbdcd5b18ef890c66f2,E,A
3ebc5ddd2e97fe37fcb52aa2a9e2e1a7,B,B
9ed019338a48216de9eadf64faaf1ce0,D,D
d1d2585e0ba1160948b7c5822a99b7a1,B,B
e34a0d1331c6bd4574ffe308e3fbd389,E,A
4858669d0193e5d9384dc37d4bb5c00c,A,A
8fd82cdc253835814153fe7222e9967c,E,E
66458bf8599c3ef1e7b50fa527531882,E,E
879239b8a788f3c9e3dfdd0862f3d7c5,C,A
8a69e6df5e8ad6c9e6828aa66c59d046,D,D
8d275acea05fd16295c659c504576a9b,B,A
91629c6f9e4af3e6acf385eb23fd8068,D,C
59eb56f366407ac7db72996be265883b,E,"
I'm unable to provide an answer as the given problem lacks sufficient information. The choices provided (A: anterior, B: front, C: main, D: front, E: current) are not related to taxes. To answer the question 'Joe owned back taxes as well as what other type of taxes?' we would need to know what other types of taxes Joe might have owed besides back taxes. Without this information, it's impossible to determine the correct answer. Therefore, I cannot provide an answer with the given problem and choices. Letters A, B, C, D, or E do not apply in this situation.

Correct answer: None."
4ab069f2e979d51f2c5929f590d09982,C,C
d6bb990e8c409d2b3af37a2da198e01f,B,"
A (Assuming Kramer is a person known for his self-referential character from the TV show ""Seinfeld,"" a self-referential book by him might be about his experiences and reflections on the show or his own life.)"
c5ad166ab5c5f5f067aa02b20f482523,E,C
ceafca2445b1b974d085a8cce38e8e44,A,A
2ef2ae21a2d3a9ecbd5c45ff378d10e3,D,A
793672da43fbc609e8c5760630c7e239,E,A
558cb0bc25387ce38d71f64ef6f1fa57,B,D
2c9f4a98ce774cd734b6e384d95051a7,B,B
33c84708785f88c19737ef5b0e31a64b,D,"
Germane response: D.

Explanation: A garage, utility room, and garden do not involve lowering a pail for coins. A slide is not a receptacle for coins. A wishing well is a structure where people throw coins down into it, making it the correct answer."
d867f76d000bdb59b9b4cb982bd7f0a0,D,E
8c607d2e2e897d74048fcc794137b683,D,"
Selction D: place of work.

Explanation:
The question asks for the location where a human is ""often found"" when they are earning money. The answer is clearly the place of work, as it is where most people spend a significant portion of their time earning their income."
5215e26c99b2a9b376fb1c70096a388a,B,B
668dc6bce771b10cbf6336f3ec76520a,B,A
a339fe08f1f50463ee180b797e99ebcc,D,A
526cd34f5b2afefbbb7830434785f298,A,E
6c1c1c282cebe8917f607f0dbc1c102e,E,A
b5baf77d3855935c87f01f5fb2216667,D,C
83808e92381b2e5f4cdf55d1391645ae,E,E
1a86310d7279097205a3403752c3b914,B,"
A, E

Explanation: Both poisonous gas and cyanide are substances that can lead to an early death."
b4130d1790948134f3aeab9d3d79c181,A,A
a5097b7f56d20217679f28201801476f,C,C
bcc5dd6292a64d8fa17cd07c360b335d,C,E
cfc7fccb8449a2a950c9d2a50991420e,B,C
2e83c5989a018bec6d5f5ac7d3b72f49,B,B
34b2d6aecdb5af8efacf0b0aa7e3989f,A,A
2ec7f8fe7948f9997e73f9bff7ba6e05,A,A
651785ed4f7b0bd2e7ca9f70a42acea5,A,A
ee46995407eb6357bb5410d49d378629,A,A
303aedda3a5ab8d853cbe4edc4b914c6,C,C
720b98fbc365736597147c984f6bd301,B,A
c611875b43b67b91030b889b267bbcb3,B,B
0547da29ffab9b441bae8870cd0f9dab,A,A
21e312c7fd1a52341ce35b66457eab36,A,A
82e26bc22af89c38d54aa2d00dcb8a2b,A,A
f75357e48c3026cfa4da3dba9f91bb21,E,E
64931f9097155672bfe3e16f03b2c195,B,C
5de3248caa2e5ed83dd0ec45a15eae18,B,C
0611dfbf5114084723d75f59b4f67412,E,A
5b8d76889510384b38b72945e8d28f53,E,E
d81f5c49bc060dc799681bf4cacac73a,D,C
aaf4fa38433c84b3bd0a86551259ce62,D,D
33ea932a876ac0361c9eefeff1d24e92,A,A
aead08289ca9abfcd169f935ea228ee5,D,"
Seldom would I ask a child to do any of the options A: ask questions, B: count to ten, C: costume, D: state name, or E: dress herself upon our initial encounter. A more natural response would be extending a greeting and introducing oneself. Thus, there is no correct answer among the given options.

Therefore, the answer is: no correct answer. If the question had been ""What could you ask a child to do upon meeting her?"", then I would provide a different answer."
adbddc80b10bf25f09c6c2bee4e3c59b,E,E
1caf93d6a22dc8190e19c14bbe1fafda,B,E
0bf4d64ad0eee7224acb3a4eb85accb2,B,B
b93532cae23e505628dd88568da3337e,B,"
A, B, C are all possibilities for storing dishes in a dwelling. Therefore, no definitive answer can be given without additional context such as the specific layout or design of the dwelling.

Answer: No answer can be determined with the given information."
2d3c9d3dff1a7a8253180cb3de1ceeea,B,B
70701f5d1d62e58d5c74e2e303bb4065,A,"
A (reading)

Explanation: When someone's eyes are moving while they are sitting quietly, it's most likely that they are reading. Reading involves moving your eyes across the page to take in information, so it's the best answer for the given scenario. The other options, such as meditating, falling asleep, bunking, or thinking, don't typically involve significant eye movement while sitting quietly."
eacd87f297193033669a93160ae3776f,B,A
8e1b0792e441a5d54ae47a4b24f48977,B,A
b4cde6a56fb19afc84876ebf2fb9e71a,C,C
095c5bc5fbaf12b384e9f7df47fdec16,C,A
494c501dbbfd36c602aae9e5b8e0cfff,B,E
5a7f6fd97b2c9ad05f773bc8b2ecf441,D,"
I. Understand the problem:

The problem does not provide any information about a river, waterfall, hatred, bridge, or valley that a human needs to cross or interact with in order to keep their hair dry. The only connection between the problem statement and the given choices is that a river is mentioned in choice A. However, the problem itself doesn't require crossing a river or imply any condition related to hair being wet.

II. Devise a plan to solve the problem:
Since the problem doesn't require crossing a river or keeping hair dry, it is not possible to determine the correct answer based on the given choices and the problem statement alone. Therefore, there is no correct answer.

III. Carry out the plan to solve the problem step by step:
Correct answer letter: None."
5279a2ea333ba8a5bf3a7637a7279da1,D,D
42c46e28baf0fc617a07419286178c0a,E,E
c76304b4962f94ab9f20f09cf4a1a7c1,B,B
8b23cd355ffc8b6e7aa5459ffb21b4e0,B,D
c35f7de9e9005fcf654cb0b23f17acd6,C,A
d910859b9d1acae40456dbeaa8334bc0,C,C
6ca8439d062de4d43d7d471c508b78db,A,A
ddd8c62ec94b4f94eeefdd05b9208a71,C,C
72b638200414a526b598de0e01a044df,C,A
c770870c88f35f9d110217049c5a7334,B,A
1d8d9e3504c8c58a3b923ddc155c19b0,B,D
95acebea992a26c3a7c3bfb45845fa83,C,C
c2c2a387fd9a6a26cff636008de21f71,B,B
57e96118fee6e2bbac5f59790fc833c0,A,D
b9b82aa4c236cd342ff95455b8516a42,A,A
41fac392c6a5827c1b6682d5d3798e59,B,B
5c224410a40c9269b1e542cfcb430d35,B,A
0b90c6710a65eb55fea4cc92895bf601,E,C
70af2b5df22ec96901350dfa3c9ee74f,A,A
f9243ef9f0037657c337d3c6a9832f05,D,D
27f2074270ea8a5e8f5ec2a017ec4a50,C,C
63b3652d54c8c0e571f6bb50de318bf0,B,B
0843c51212a3c2eee660fab5648c9e19,C,C
1b3d286458a7e7f069222de0376d06da,C,A
86e2aabfb9d401567f04d87a648ff776,C,C
092c24369367b3c7457198f3ce160fe3,C,C
cab9eea2a91b1bd5c0a01b11f594f154,A,C
6e77de03bee86d6c20780e14f00944d0,C,C
7f25dbab26165b3c8800c2733ca759d6,B,A
9024493a3edbaf555fda5b477e835bf5,E,A
fc59ab1a9e6d2b51126dd828d30e9167,D,E
5a50ea4bb2d13dc4f620ebd45025d445,E,B
8becd2ee4e86258566a9c2b0e6d9544e,B,B
2a21820a135e1a49883525c055c74a0b,E,E
e5adfec0b5ba691ec752f9b5e0fb8084,D,A
406e15b76269d20b5448a91648094291,E,E
9c596382ea15768f95b5ef9ceec191dc,C,A
7a3d0c94438a5c8a09364aaebb848a2c,A,E
1ef68db97654f30cd3701b942fadc934,B,B
abb090bbc572be1016bcd5f261f28e76,C,C
91f2532a832a35cba1b08a3c767be6da,E,E
f8544c9679d27b747dfad3b8d7aac87a,E,E
a7f423c1636ba9e36d18e381928c5dcc,C,C
e1d354cbfcd620e5dacf83c17746c4b3,D,E
53e1e50d204f6ad5a0f69429eadae82e,A,A
48205cc84aab5e455b22e17c3cc7277d,B,B
0f7419d25337e0a75503a015ae777905,A,A
5cac4da628f0a58db980649079bd5784,D,D
78d1218aeff70a70904767349e3c4c53,C,D
cce13a32fedb997c017d3fac87c34912,B,B
6714487b839f648e348ac972ed114af3,B,A
3e536d9253bfac45de83e8ee291ca143,B,A
9f830faa0f8e3d7fb3a658c15a5fbe63,D,D
bbcef409e0acb71b515acc144d5b402c_1,D,D
cbb0c9a69ca0922371a48177087ef407,C,"
: C, clouds float in air."
b92f786638796fc028947ac0e9a44fef,E,A
5abeb4a2126597d4ef7b5a32e9e22abf,E,A
8d4b0312f02be445e09a9462873d02bb,D,A
f7140f00ddd8d1c5d93b05ea32ad1fff,D,D
8b3b598a647dfd2d63fcedce5f461040,A,A
7a900bc3a373806b6c56f0e19534005f,E,C
3d79c10ddf26a5ed7dc0bb168fb0b3ed,B,B
b7091d2bfcea421d787ce9e7982f104a,C,D
d060ab71d0efff3cab5960089a6bb3a2,B,A
b399f6008d90dbd92bcce5abed4c1fd1,A,A
80c19c62338edae0e8a1f5c6fec0d29a,B,B
1a4e83b433620cb2d7d806882f8d57e4,A,A
b9e04a53c0ee7325b901de4d12d56884,C,C
7490aa460f66000555a8a94008179cbb,E,A
ad8ee2965a33ff4b0e3d2ac732676594,E,C
64d2310eff6b661baeb41b4ccc392e35,D,B
6b1f5ebd9d0dbc7e34a598456a6091a8,C,C
080ef6941410139d6869e78122bc741e,C,C
6c70d98cfb8e97fda8caefcee761a229,D,A
75ac594b4fdbfba006e61315d1b2c815,A,E
5a8e7d2f97f76adb23fbd59a009d16f0,A,D
178cb8153123716aa94f286b615149d4,D,B
cc917ca0e03c91a5141920f5a902a36c,A,A
a7d51b753c2113d8b2dbd0ebb5375855_1,D,D
e71da9e95b321763c86e879a47bbd327,E,D
ec86900559a0faf2aef066e511a4cfa6,B,A
d312741df1b14bcbe358f4f30aff3994,E,E
0df3f58645b4bc306093845fb297a50e,E,E
27d9b4df2ca50112d282331df4923e96,E,E
ab755203f41a2e241f0ee8a53c54f287,D,B
f13efb91090dd28fd2b3c1f4dde680fd,A,A
e98031901c815e55040d9fe28c4d9387,D,C
fb64149cf01c5b496d986f56852273e9,D,D
2ac72eaf30a633c410b1bd658bbef0ba,C,A
22fc45d9e6d0baea4a5b0526504225b8,B,A
4ef3d70648ee3cea028bc5ed0fdfda28,C,C
059155c50d1b04da7373e309868e67d2,C,A
33d023a6806390eb8195380331e17404_1,C,D
63f7ad481a63fc8c6dffe00519d4a167,A,A
a2daf73d33541af0846673afd8e49abe,A,A
7d70208061ae3185bcfc9e912ee9e141,A,A
9003c4748b08d5a734747e499599ff20,C,C
28aac6d39cdd270d2a6a28e1985484cb,C,D
8bdbb8caefcc607a9ec7579aa0c87cba,A,A
95a85df48902d23eb3fda25a99fca1a0,B,B
79c3378b7660d328902d7c0ad442a37f,E,E
8c12e5864463cfcd03f4d0ab67949d01,B,A
e145618c2062eb9ea8928fdb0d42185e,A,A
35872be88df5f6c4a6600020266a5458,C,C
055817d8d703d3c2802545e3fccdcde3,B,"
body { color: #000000; background-color: #FFFFFF; margin: 1em 1em 1em 0em; line-height: 1.6; text-align: justify; text-justify: inter-word; }

body a { color: #0066CC; text-decoration-color: #0066CC; background-color: transparent; }

h1 { color: #0066CC; }

h1 a { color: #0066CC; text-decoration-color: #0066CC; background-color: transparent; }

ul { margin: 1em 0em 0em 1em; padding: 0; }

li { line-height: 1.6; }

The question asks about what actions humans do towards other humans after death. None of the given choices describes an action taken by humans. Therefore, none of the choices (A, B, C, D, or E) is the correct answer. No answer letter: ---

However, I'll provide some brief explanations of each choice for completeness:

A) Celebrate: This is not an action taken towards humans after death, but rather a behavior done while a person is still alive.

B) Burial: Burial is a method of disposing of a dead body, typically by placing it in a container and then burying the container in the ground. While burial is an action taken by humans, it is not done to another human, but rather to the dead body of a human.

C) Life: Humans do not have life after death, so this is not an action taken towards humans after death.

D) Rebirth: Rebirth is a concept in some religious and philosophical traditions that suggests an individual's soul or consciousness is reborn in a new body after death. While rebirth is a belief or concept, it is not an action taken by humans towards humans after death.

E) Decomposition: Decomposition is the process by which organic matter, such as a dead body, breaks down over time due to the action of microorganisms, enzymes, and other natural processes. While decomposition does occur to a dead body, it is not something that humans do to other humans after death.

Therefore, none of the choices is the correct answer."
5ef6cdb85468df482e3aa6fa339d6e41,A,A
1e939cc6fef999953d692b57caab254b,B,A
3a3b5d4a517ef70d25eb558f1a622937,E,E
a943522f7d407cef369d5d3f1bf48589,C,A
57a343d72031b668e5eb91868420e915,A,A
c4b1a57e7880b9cb367f9c67abf5605f,B,B
e313d7967f72c2b880213daaaf4b7181,C,A
3c7992df7fda23bcdeacb1f1f6b73448,C,A
d6644eacdb543a60545d2eb1ac7e6dbd,A,A
d1ad9b79f54205b6b9ac19a27f9c2be5,E,A
f116ee6620c0f171e5db54bc03a5f2e2,C,A
ea82f9e938cbfce85fb498ce46264253,C,C
edbb57ac2f476679ae547f75ec2bef3e,B,"
A (Explanation: Foxes are not found in Oklahoma or in the mountains. Tennessee and South Carolina have some beaches, but only Tennessee has foxes native to the area. Louisiana does not fit as it is not on the East Coast.)"
07a99d5f2ca7028febeb9f09604b36c8,B,A
b42ef8be1748c19fa5938de5396f8fad,B,B
236691d38665d7bcdd0c9b9834252a51,D,A
8ef78abb86fc282ccb02bbc495f13030,D,D
313d033c33ec475e04e628f87c5686bd,C,A
d581e0ad6a4c89465dc1a527bd2d3f77,E,E
f232bfea2a7611999688a252e476c040,B,B
91756d8e475d8d59fa0a4e35f408e366,D,"
I. Understand the problem:

1. The problem asks about the relation of a person to something that rises.
2. It provides examples of sun set and fall.
3. None of these examples describe something that rises, as the sun sets and fall is something that descends.

Since none of the options match the given problem, there is no correct answer.

Final answer: None (0)

OR

Since the question asks specifically about when you see something rise and the given options do not fit, the answer is: None (0).

OR

The question asks for a location when you see something rise, but none of the given options (A: sun sets, B: near, C: fall, D: below, E: lower) fit this description. As such, there is no correct answer.

Correct answer: None (0)"
866ea9c668c0b42df19fa20865e31f77,D,D
22015315e7ff79386877828b4fa27799,D,E
484f6e4fb8e6431b010c299490b72e3c,B,B
7322d0dcf2e27c7032626a3639f5696b,E,A
0519b0b0869681c2884f53dbfa43e538,C,C
1ab04c0501b815b2a48f2581f04215a8,C,C
7776b10c7bb96f3fe5e026678673634d,B,E
f7c005244d406b9bde48dc8c22003af1,A,A
88501d528c855e2b533b3fea2f86183d,D,D
3d9c3253e24fb108cea9083e8a853cf2,D,A
9808782b2e2e1bfbfa27c41e605bfffe,C,E
c432b860fcd7297751ff5254ec4a7956,A,A
732af155f677a51d05d0c9e080d598b6,D,D
48abc2c113623fd72f758502529f93a5,C,A
03f06f77aaf80b5f5e296ffbd11e9d82,B,"
I. Understand the problem:

The problem states that the person is required to carry books all day. The given choices do not directly indicate a requirement for carrying books all day. Therefore, the problem seems to be misleading or incorrect. It is important to note that none of the given choices fit the problem statement.

II. Devise a plan to solve the problem:

Since the problem statement is incorrect, there is no correct answer among the given choices. Therefore, there is no correct answer to provide.

III. Carry out the plan to solve the problem:

Correct answer letter: None."
e7084c166ec67d0f983a26e055e845c6,C,E
c55c31b5a2aa996f3b75ad88c017a6b9,B,D
463521a93ae71e93bea8b97cdf7a6792,D,A
c036ce033bc429ac1aba0a6ac8d057e1,B,E
db7f2bfdabcf53d6778fd7af80b603d2,A,A
8605fd2affc796d79073d0f3ef0761c9,B,B
ad37795fd9e3a65553683ff305b5113d,D,D
bcd51af35d691f5c3b6b548096ab1559,D,A
b5345f15d5b451562ab9e0851e7f394f,C,A
6a884d5d8febfdd86fcf68ff1a904d9b,A,A
a1303b5177df0a5b653c9abd7d5f5e08,D,"
sel D: woods.

Explanation: A housing estate, neighborhood, and suburbs refer to areas with buildings and homes where people live in close proximity to one another. Mars is a planet not suitable for human habitation. The person wanting no neighbors would likely prefer a more isolated location like the woods, where there are fewer people and fewer buildings."
315baf79f8dd3673f67a90de0758240e,E,E
01f01cc3ad152773ef42b30e926912bf,A,A
f192cfacbaa2f7e0e879f673c8e076a7,A,A
ab8d5e21a2cf34b60a04768b01f1f8e9,B,C
5d1df1daa886efb78db2103ddc1398eb,A,A
2f8b35d352097cc9277599be49fab0b3,E,E
18eb6a3b54ccf4989e268cfb9ea90f9c,B,A
3e12400bc5a2038a747edf2605787fe8,C,C
72baf6ca5c4daa01c2cc7fda22183db8,A,A
9bac07574c966cae34c85e9f25538cba,B,E
fe2a21ddb1bde76025a961126044a9a3,D,D
d03e09b22927542d6b0d5ebe233e467c,E,E
e63a210053cf7f961ca0b5a7e6eb355d,C,C
a4b4242fab25e86a9d7ffedcaecdcdbe,D,D
ec8797b12e3c6666ebe70b2a7680b66f,D,E
4536489e5d8e02aadc3fcc7a55effe20,D,A
0854478d174c9127064f0d4b58df7e62,C,A
4b7d1b70060cd1f1a7321795f62a7325,B,B
0e6a005eec5e6746f3facf4d608bfd8b,D,D
2d2b69ad187b7c40273ab13caab7dc19,A,A
fde1f9bfc33da302449c0b950d16c0ea,B,B
3c90a632f46aeab11fbb73aa59a33892,A,A
1f3ccb722600da7d862531416934949a,C,C
46ba5d2b8cfc6708e5e2618568d8730e,A,A
f8a2cbc7189b92a809ce9cd857030621,B,A
225287e06c993feee34e0f06b25f6ba8,B,none
e211b1a3f3401d164c8b0bfc10160caa,C,C
fce1c5d069758aea57a787fc98dcf7a9,E,E
c0d75f9fbf30aa3a612f16edb20d6b8d,B,A
d07f149d8d953dcc45dda432194c375e,B,E
080a9cf2d6447a9a4d98b0af311e10da,D,D
111501a49dd41ceed9c2073eed5d2b72,A,A
7bb87c6d8eab57d4e983f60025b1f0dc,D,D
5c2bc4335c8860342ec2d568ceb6ac6b,C,C
083861fc5ebb9226fff70544f3f83d2b,A,A
520b0eea9148e3cb4d45aa69a55491eb,E,A
ef6ede0af827ddd1dc7bbeb36a6fdd22,A,A
d47986deb91d64b2b15d385da3d2f483,E,E
c3b7f4196b12714940ac1b9417194df4,D,A
5d03ad171fd661a28da5b6eb79967a6b,C,C
7c95d753943c58757fe6e1ccff8aea14,C,C
88d8bfb9dc8e77ef642acbe1a129f3db,D,D
b1a9b20793b46e46e1beedadbf852f84,A,A
81e016974d33fe383c848b6c819791cd,A,A
7cf54544d54818d53e7088c0749a3eca,C,C
6acd88b9b5dd15e23bbcc3fd679100a8,A,A
c96a86957a9ab1d8ca0aeeb7f040d87a_1,B,D
6a1bf527af9ed0685ac5e2bf0bd76647,B,B
094fe91b20b03c647325fa2ee94470b3,B,B
bee2a6eadfaf7a4fa0a214e341ddbe5b,A,A
2f97a77d155cb99092e8a7c055737b03_1,D,A
bc268cd19e2c95c78967fd6b9092fb90,A,A
060cad0d3c007ceb151db9907bfcb214,D,D
29c2cc0ba85b4afb9c9d29801469a68f,D,D
6cb895ce89995f6be422f7c4167c7638,A,A
839f3c37622c1ed5eebc9cd0b9d658e8,D,C
3957ac6bab96fc9d4f173ada4692d16b,A,A
a4f5e5412f0f8ac9190db1730db07a90,D,E
cb5b39878be0e05a3ffe783801adbc3b,B,A
985a4f1a3f31f1ba6654f4fc48f504df,D,D
5d687fe9c95436ce84230c996d34382d,C,B
af11faa29097b71141fe192ad019d1dd,A,A
07fd8b0aed06406fedb137d11b07a890,D,A
7044d82a456d0fa6f0210abb03cbf2c4,C,C
e53ba4c7d2a818bdb6001e6924bc8896,B,C
ecbc1ab06ad1ed6c53e5293d7a90ebd3,D,C
9a356ff463c042d04ba45bfd627bac20,D,D
0a5c069836784c3d574828d85a20a074,D,A
f996430ce208606452868fd2e739d409,B,A
26c854d933d2115e7636fdcde57eb463,E,E
83c25b9a5db5f9b3fd1ff6c7453d23d0,C,C
a0d02fc32878efdf0b0d420972943492,B,C
73fbd2caac2c3786ca810adfe7030273,C,C
6c515b068b4d3aa88a5382224d9b866d,C,C
0af371b94fb414860b13eea6009ccc31,D,A
38e61d4be0da46b3cbbd76dc20bce677,D,D
cebc07bd5080cc72862cb333b10d782d,C,C
de0386024f32cdf277a785a851b97544,C,D
9b62cd7f89716f393239e6c6ff3e11d5,A,A
8b25332de2894ab38784235838d38cec,E,E
dd4a811d18549f1ae1954cf938b28536,A,A
e2ff952c17faf1c56a970502630d4c86,E,E
3a6140e475cbbd3ee1da5ba9a6953597_1,E,E
e75e0c11e2d5a7b634455a1b4b76856c,B,A
3b9ccdcb1c932c46a38e040d3e6c7f5b,A,A
6a29b657b29e1506284d8328dffbbd21,B,B
96cb628fb7ed2f53245598f707ed2b80,B,A
bd4e80fa6642a76c064d0bc924411fb0,C,D
05490e6c191fbc3c2fe0033ed0bd8aa0,D,C
6abd34442438509b4a00c69d6fd24764,E,A
e58eb0ec4197c29e961a7bdd4d67de4e,D,A
597d2a1c9df7962218d8b807df1f8212,E,E
68f6ac445cc008d93f931b999b44b0ba,E,E
aa4c5d2d348796b8d7fa324f27f4c34f,D,D
7400e9c4a2c8e600a0f7e2d162a07837,D,B
fad197409a977126c9587eccd240ceea,C,C
f09038444aeb1a048f04dedd5b97b769,D,D
0aa23ad1ba9f28bc3e0185237a7ce1cc,C,A
06be29539ad3e1fbd7b53b05243f4bd7,B,B
bbe0a1ad733e5699f991ff91b3712a6f,A,A
9e5ce2b7d9eb404cdf8c7317dd0b5a59,C,C
ffde211723f55e9744f94cbc14488a23,D,D
5ff8b0deed53b9ff91d58bd5b6f85bdf,D,C
36f1ceeecde7abf99dab635239e12442,C,C
e3c9e83c0c62d842de2dfe229f5e6d41,E,E
c0e4d0118c9cdfe2edc49ef954572b31,C,C
4423c006f2a43f222d4c4e97360c25d3,A,A
9382bc51ba092f55a494eff8615899de,C,C
dec1c42628a7448aa364cdada6e82f98,A,A
07ea8ff6ee916f2bf9aceab1e19ff99a,D,C
a328285c6212c899e335c45db3c49ffd,D,A
e248968fec422e1fab0f0561fedff76e,D,A
2067720531fc03c017af941cec2f6f40,C,C
70d3ebc00b165d9d08f9491a1dd85034,B,E
41bab71fea3fa04e5a4e10a2f86996df,E,A
e18dd9ffc7b7934c39f2b5e9dee5a8c2,E,A
449de58e919975867255218484a9fc89,A,A
9698232e3599157431c9dc8f2fe179cd,B,A
0b5d0c3bafbe06dd5334c20cd8ea7fe2,D,D
7fe53bf68ec57a52a508611acf5b279e,E,A
68c41ec8415eab50620eb9ecf6f35a6a,B,C
6c4b2c93a4bdafb6cbf2b2ef2439b06f,C,C
51e2da7396ab7045533e885dbb98a424,B,D
3f6157968fcf50d257ec3d8c729b7443,A,A
4768aa28fa14569d830f8947565296c1,D,A
5516b1c93f94aaa0bf9a4c7b124788d4,A,A
96ea2c3174229c4a6a0e2ffaed2df378,E,A
7905b9f4ba503b0ce13b576808e99c42,A,A
e0a7d1df3ce14b27888e785e6636d5f0,C,C
3eb397b96b6c3a245c81ab30205943f1,C,B
536c9af0fae0aa75b32874dfcac66353,A,A
dc36293f603cf230f8059fc6f2e5660d,C,A
1510f5183095466e4fe41b82501a9dd0,C,C
1fcc547e4e6813afc1a66717248d6c62,C,A
68a911b64dc943b5f81c0f8dec7faed7,B,E
92f423de9a556a66c3eb73e9ddf9399a,B,B
1cd94405124031e8681cd12bd25e2d61,D,A
64ab884bd870f6f68146636b4cce921c,A,A
66275550d64d16339c944e6a6d63eb5b,A,A
9b26329d74a6159ab9af4f899303de39,B,B
f74b7f268d3c190a13f99ede6d2359e1,A,A
22458fdcead20e2def0df0d92d5806f6,E,A
f7b96f195a7adfe0c74924a165cfd055,B,C
9b631734e72a0e559da153492c1e7894,B,E
caccaa51ee960a92d44e5b949fc35a66,E,E
def936fda9f6ccee01f57c0f804fabd0,D,D
761b0f6c68b1540949b70f76a9e67c78,C,C
8c11546468a2595b29a1297e73334fc4,B,D
a5dcac512870e79f5aa2b22dbd662404,B,B
870b07a1c5af2e956673a9680da99852,E,"
A or D, depending on whether the car's increased speed was a desirable or undesirable outcome after the work was done. Without more context, it is impossible to determine which letter is correct."
f48528156632b9c5b18af9ce2095509b,C,C
5496c7293f653120e5a5213db2d7b103,C,"
selera E: bar

Explanation: The question asks where people drink beer while watching sticks and pucks. Hockey games involve sticks and pucks, so the correct answer is a place where people typically drink beer while watching hockey games, which is a bar."
9d97e2bb458d93a8bafe4380b08727e3,A,A
26d7d59ef7b9f2e0c2d47419fa5bca91,D,C
c6f10fd07348bf2cf5488b0d9f38d806,B,"
A (Some people were escorted out of the library. This is a fact.)"
8ebf9d24719649a0b041aea02a6e46af,C,C
c961578f4c5768b67b843e5d2ce18452,A,D
cce1b59f7c4f540a84a1a7d6d88548c4,B,A
60848ce50295fc745756fbe960e78b88,A,D
3fdc0c422c524c994b9911a17f1f1834,A,A
cc8eac9956f645533b8d7b99702e3507,E,A
c0e7fa3e39a2d9af2c323416015729dc,B,B
335b51bd3a8ada014bbe6754dcbd425f,C,A
c7327a1a7d12b6cc0740fc9446270e02,E,E
2729d8502208c25d8e9293cd4e8ecbb5,C,C
7ea57ee4580042b0a6a40479c8ace3e4,C,B
65432eb6e617514d863a465f38865fde,A,A
316a8dee8a4dde7d95cf503a715104be,C,"
. C

Explanation: The problem states that Jodie feels a tightness in her chest, indicating possible chest pain. She doesn't want to go to the hospital. The correct answer would be a place where she could go to seek help or find comfort without necessarily going to the hospital. A bedroom is a possible answer as it is a private place where she could rest, lie down, or call for emergency assistance if needed. The other options are not relevant to the situation."
520972425aed0e532fa28a91c9b55b30,B,B
4d67cdb4ba1b0058e383c212303a9f4e,C,A
95d1d968ee66b6054cbb16b58a7c6455,C,D
c43b60be106662de1863097ee3ddb4d2,A,A
456f2fb41cac8c028dcfe2f48637e473,A,A
a5d853d1c2fb3ef160218fb91110fbe5,B,"
I. Understand the Problem

1. Analyze the given question.
2. Identify the purpose of basic training.
3. Recognize the pattern in the question.

II. Analyze the Choices

1. None of the choices directly fit the context of the question.
2. However, all the choices have a negative connotation.
3. Hence, the correct answer may be any of A, B, C, D, or E.

III. Devise a Plan

1. Refer to the context provided in the question.
2. Think of actions that could be taken during basic training to ""build someone up.""
3. Consider how these actions could be turned into negative versions to match the choices.

IV. Implement the Plan

1. The question mentions ""building someone up"" in basic training.
2. In the context of the choices, this could be interpreted as ""preparing someone for destruction,"" ""tearing down their confidence,"" or any of the other negative options.
3. The correct answer could be any of A, B, C, D, or E.

V. Conclusion and Output

Correct answer letter: It is impossible to determine with certainty which letter is correct based on the given question and choices alone. The meaning of each choice is too similar to the context of the question. Therefore, additional context or information is needed to make an accurate determination."
3df1b88da6a90c9526be2c8a6cc736dc,B,C
f912bcd7479b76db9b1c57a612b90f00,B,A
94f34cc1e6aa9eefe06563cce8225658,A,A
bb503ece4eac41dfe608a1dcb654e6bf,C,C
5502dc807d4921679ae1abd0dc9570d6,D,"
I. Understand the problem and devise a plan:

The question asks for the reason someone might flirt with many people at once from the given choices. Based on the common meanings of the given words, we can infer that none of the given choices are directly related to the act of flirting with many people at once. Flirting is a social and often playful behavior used to express romantic or sexual interest, and can be performed with one or multiple people simultaneously. The given choices, however, are more specific and relate to different aspects of social interactions.

To solve the problem, we need to determine which of the given choices is most closely related to the reason someone might flirt with many people at once. We can do this by analyzing the meanings of the given words and how they relate to the behavior of flirting.

II. Carry out the plan and find the answer:

None of the given choices, A: have sex, B: get laid, C: were lonely, D: attract attention, E: dance, directly answer the question of why someone might flirt with many people at once. Flirting is a behavior used to express interest, and it is not necessarily an intent to have sex or get laid, nor is it always a result of loneliness or performed only while dancing. Therefore, none of the given choices is the correct answer.

Correct answer letter: None (N)

Explanation: The question asks for the reason someone might flirt with many people at once from the given choices, but none of the given choices directly answer this question. To find the answer, we need to consider the meaning of flirting and how it relates to the given choices. We determined that none of the given choices were directly related to the act of flirting with many people at once, and that the most likely reason someone might flirt with many people at once is to attract attention. However, it's important to note that the behavior of flirting can have different motivations and meanings for different individuals, and the given choices may still apply in certain contexts. Therefore, the best answer is that none of the given choices are directly related to why someone might flirt with many people at once."
a7e3de0719fe30e7048f67426e29fdd1,D,A
d6107d454181b701ddcaa449a1e422a3,A,A
ab2eb930b29bb6d5e94a6cd3b04ba01e,E,B
92869fc0be5dc45f407700692ffd80a0,E,E
6a0177586d506cb7b741f4207b428e42,B,A
584188da9a429f1bc319abda5e5c7a76,E,"
correction answer letter: D.

Explanation: Nylon leggings are a type of clothing."
e480d4a672af0194e0a6ccdb8c37499b,E,E
275c859994f7d3acd3c8863be591ab2c,E,A
32758ab86d888be680845b0dfe7de35e,E,A
69335eb9bc5b7b5df840c38a086bf8b2,D,B
4396cb65629672723c7b184424e139bb,B,A
2a58e81a9c4ce095d099e0d785fc2da4,E,C
07f108d5321a66f460685f5c7499ecb2,C,A
69bef3eb55463d040bdf98e2c97bfe1f,A,A
912676495cceefadccbbf8c604486f97,A,A
bdf92566f14599f1606109677206001f,A,C
0df042743128b57e874bd5d79b7aae7a,B,B
866ef7266d34c11e5a1b3df49fab96a4,D,D
67ffcb4c3f2c6a1155e356f8a15ed250,A,A
87a133afae5d9d29d634f3384f28ef24,E,A
4779be55f47a301debfc472e4fc2c7b6,B,B
7a28d31e66d870370642de3be47b9ef9,D,A
042898e0c71adac5d123aaa6221c9754,D,A
93bbaccb1c46d22124a846b8514de5bc,A,A
ef889edd1b57d8d0c81e43f73c98c8e9,C,A
f4bb8ecacb9ce89e040f5f76bc79afb3,B,B
ec2e18fd8c18a4ebe5a091e0c8b94462,B,"
bodies: B.

Explanation: A stove is an appliance used for cooking and heating, it does not cool a house, it warms a room or a specific area. The other options are not relevant to the given question."
07b51b231a9d6a143d8a73e69121e1b1,B,"
I. Understand the problem:

In this question, the term ""trance"" is not defined. ""Trance"" can have different meanings and connotations depending on the context. It can refer to a state of deep meditation or relaxation, a state of altered awareness or consciousness, or even a state induced by music or dancing (ECSTASY trance). The question does not provide enough context to determine which specific meaning is intended. Therefore, without further clarification, it's not possible to definitively answer the question.

II. Plan to solve the problem:

To determine the best way to begin going into a trance, we would need to know more about the specific type of trance being referred to. For example, if the trance is a religious experience, then prayer, meditation, or other spiritual practices might be recommended. If the trance is a state of deep relaxation or meditation, then closing the eyes and focusing on the breath might be suggested. If the trance is a state induced by music or dancing, then listening to the music and dancing might be recommended.

Unfortunately, the question does not provide us with enough information to determine which type of trance is being referred to. Therefore, it's not possible to definitively answer the question with the given choices.

III. Solve the problem:

Correct answer letter: None."
e1744fc698cffb574e5cf4b29a81ce76,A,A
27604394ccee83e089f9ffae1883cf07,A,A
1272e693cf9152e7ac71095c643676b5,A,A
7bff23f6c12e9136f0961514bebb8cd3,D,A
20ae70b9b157b298569cd761787833e7,E,A
bdd29d7c12e3d795b78ffc048631e7e7,D,D
cc1a547bdfdcc95e4d632453af14bc96,C,C
896b25dc41f84357add1c798d4a96cd8,C,A
1ca3cd9475d7e9da2ddb74911ee2bb68,E,E
129ec46cc2541b73198d774ee632c8d7,C,C
0e5c7c0cec5b693e52f74f5f879d84fb,B,B
af035b75b6f7a1927b1648963f281c5e,B,A
32d5b7fcae24f0d4871cfb219c5a4b47,C,B
87505da761eaa5c3c4703d02a12d46bc,D,C
ef3d5d35128678937c36438466e0fc93,E,A
4f1d8007b446b0e10f07fd63cbd31b6f,B,B
4c30d5eed4137cba89747510973f37a3,B,A
515834727e23e30ab7c8fe5ba7e9a765,B,B
34ec6393db5a01f689c11fac153e31c1,A,D
0f0e339412f719a019bf373e6daf2530,A,A
489a082aab43dd1a53f3f1f89c2365ed,A,A
7c45033e9fd9f1a759923971b14390ed,E,E
061f326d2a87a10da6316b55bd5522bd,D,D
d747c4e463b80bfcc49b874063f9fae1,D,"
bodies: D,

Explanation: A control room is necessary in places where complex systems require constant monitoring and control to prevent potential accidents or disasters. Among the given options, a nuclear plant is the one that poses the greatest risk of widespread disaster if an accident were to occur, making it the correct answer."
df3d27338bcf86b341b8b02d4309daf5,B,A
db63bf66a8bfd16e5103cbdd350f5202,A,A
f8a9208665a4f2d64986940456b4b964,D,A
1bf4c6b5bd870b1a079106e1e97e5d09,C,C
c1c73ef0ff662a76cd42c3500240974a,A,A
aefa60233f3c5c4966f8ac22e901a1c7,A,A
9221962ed3a6094e5c8f33785ce048cd,C,A
8c8052980e357545398d27d1c3c832d8,A,A
418913999c665ae9527fd14a6132da39,B,C
2634468d21fa33a88cefe28a5d613f59,E,A
66bfb6e209c94e6be5b0d04b0c7e2064,C,"
I. Understand the problem:

The problem asks for a location where you could find ""only a few offices.""

II. Plan:
- Eliminate options that do not fit the description.
- From the remaining options, choose the one that is most likely to have only a few offices.

III. Carry out the plan:

A) Skyscraper: A skyscraper is a large building with multiple floors and many offices. Eliminated.
B) New York: New York is a city with many office buildings. Eliminated.
C) School building: A school building may have some administrative offices, but it is primarily a place of education, not a place for businesses to house offices. Eliminated.
D) City: A city is a place with many buildings, including offices and residential buildings. Eliminated.
E) Work: Work is an activity, not a location. Eliminated.

There is no correct answer as all given options are not locations. Therefore, no answer is provided in the required format."
3163910d665c139a1f6f07d85803baba,E,E
0e52659484f2f6d763cf0d38d4c5999d,A,C
167d2cfa04bfaea0e0b5bac3598d5769,D,B
39572e0ba1db51fa74f7fc2d90c5ec7f,D,D
2a32b1e541b1daae04690d0d3a4b3310,C,A
71cbfeb995b06b21e890c91040722252,D,E
a15d564d0be6996251b5d523ac62db2a,E,E
6bd170c8d3d99d3c47b3e96427bacaeb,E,E
7bc1198664b376f79d584725ad7f874b,E,A
d6c002d46d9bfa466637cec4a134f332,D,D
8cb45b421375243e788cfc64bd77b051,E,E
d6ff2d749494d89e9c7a53f587c519f4,B,A
6974d215428a974641c1df18678522f5,E,E
b94a9764acff078b52a9cbae04661dc9,A,A
80930e9df9ac4ad752749a54e7fc124f_1,B,A
3310b5b24f03d67179fababf9ae95144,C,"
I. Understand the problem:

1. The question is about the field general writing a letter to the king.
2. The problem mentions that the enemy is near.
3. We are asked to determine what the general should send instead of writing a letter.

II. Plan:
1. Analyze the context of the problem to determine what could replace writing a letter in the given situation.
2. Eliminate options that do not fit the context.

III. Solve the problem step by step:
1. In this situation, the general might need to focus on the immediate threat from the enemy, rather than writing a letter.
2. None of the options A (syllable), B (English alphabet), D (email) or E (invitation) can replace writing a letter in this context as they are not alternatives to writing a letter in the given situation where the enemy is near.
3. The most likely alternative to writing a letter when the enemy is near would be to give oral orders or signals to the troops. Unfortunately, the question does not provide an option for this possibility. Therefore, there is no correct answer.

IV. Conclusion:
The problem statement does not provide a correct answer as none of the provided options fit the context of the situation when the enemy is near.

Answer: None (or N)

Explanation:
There is no correct answer for this question as none of the provided options, A, B, C, D or E, fit the context of the problem. Therefore, the answer would be 'N' for 'None'."
846bc47ced7119ad2ee19a8780d7fe18,D,D
fd5a34e94303d7fd343de2a8f36943d5,E,A
4e87db4771f2d6423034935446e3fff1,B,B
a585df0818180ce3c06f963a4c3c810a,A,C
c9f7d07e6d363a99f5fadd68a4dfa35a,B,B
c7cb327fa4c0008efaa7741081a365d4,E,"
I. Understand the problem:

The problem asks for a design for a place for an ""annoying critter"" to stay. An annoying critter is not specified further, so we cannot make assumptions about its habits or needs. Therefore, none of the given choices directly answer the problem.

II. Plan to solve the problem:

Since the problem does not provide enough information to determine which choice is correct, it is considered ambiguous. Therefore, none of the given choices (A, B, C, D, or E) is the correct answer.

III. Carry out the plan:

Correct answer letter: N/A (This question is ambiguous and none of the given choices is correct)"
c54ddc0f9d170ba65d9f4f2e0bb41d1c,A,A
1729c737ff92cf558efecde2c6cafc5e,C,none
19dfd55e967dacd6f5700a62c1e14eee,D,A
b9bed83138901f4a45041b02c5b242c1,B,B
b9d22425a3d5810be9528a55245c8f09,B,B
2af70107e04e61e3c7884bc743901c02,B,D
be2cb9c96069ac355a7ccef262743d14,B,B
799e48ec7fb16415c8f82828c5761ed1,B,A
a5db1e9677af118deb8e4add8bc18db2,D,A
28357ebf85f8bb82b6a3210c4397e0aa,D,A
7b95825a19d6930d6aed35c7c57a2d82,D,A
6b270159bd402ddd498a38153f9d1efe,E,C
eae0e03773365064ce915603c7addc91,A,A
a5ca7c89196e54938b5827814d0071d4,E,A
ffc3461d437a1c6c22d1c4f6439ebd9c,D,A
aa2dcd9bcce5e4445bd3bacbf0bb11d3,C,C
6cc797ec148c1fc74592957a55bd0951,E,A
64dbe5cb840ef4f1d25f8b68db8d5fed,E,E
a74753bf249c1cbcff632c5c16b0397b,D,C
9190efbd77fe10b989fcaae35e208a0f,A,A
ff0303db294a823d4138fb81a6ee6438,A,A
63963c9c15835d451aac2e1e0b116388,B,B
cc8324b73ed9625e723ef041dfc77a37,D,E
684dbde19719e8224113433981d6e01e,A,E
21450618657881d8c5af73691f3423a7_1,B,B
8b94b61b604ec0d7508804033eec6d23,E,E
52ecf169febc95a7f5ccb048fc85857d,A,A
e408a5a031caec33782cb3b3a005eecc,E,A
31bd05ba62a16ee35217224b98c6baea,C,D
b4043bd1f65a8ad088e62042eca259c2,C,B
4302e727e47f464511d4d04f22bed0d2,D,A
f0d473701d52125dd055d23042de1b0d,A,A
d35112a99ab3983fb51c3adae80bc2da,D,"
I. Understand the problem:

The problem states that the person used an umbrella while tanning. The given choices do not provide enough context to determine if the person was tanning indoors or outdoors. However, we can make an educated guess based on the presence of an umbrella.

II. Devise a plan:

An umbrella is typically used to shield oneself from rain or sunlight. Since tanning involves exposing oneself to sunlight to darken the skin, an umbrella is unlikely to be used during the tanning process. However, an umbrella is often used when it is raining or to provide shade in certain circumstances.

III. Solve the problem:

Given the information provided in the problem and the choices presented, it is unlikely that the person was tanning while using an umbrella. Therefore, based on the context provided, none of the given choices are correct. However, if we are to make an educated guess, we can assume that the umbrella was used for another purpose, such as protecting from rain, which would make D: beach the most likely answer. But as the problem statement directly states ""where was he likely **while tanning** using an umbrella"", and as we have established that it's an improbable situation, we can deduce none of the choices is correct, as the answers do not fit the context of the problem.

Therefore, the final output: 'Correct answer letter: None'."
661474a1a0c29dd7a243b284535ac934,D,D
6416dcdf9b8d7d2787f07e7426f86fe4,E,E
0f54a1ee30a0034a3d2db1bfdef9ca85,C,C
7850beb1209c41fabe385cbedc96a61a,A,A
cdb06b28b9c4e7ef7e880d1f096fd409,C,C
14309d9bd3c13d1c0efb625198f6304a,E,E
a00276c6db928900772c0320aeff77c0,B,"
correction answer letter: B.

Explanation: The question asks for the act that someone is doing when they are found to be committing murder. The correct answer is ""kill"" because ""murder"" is the act of taking someone's life unlawfully. The other options (misery, distress, tickle, and go to jail) do not accurately describe the act of committing murder."
4706be6e24f1fafd9ff9fe63583acffd,E,E
ee8819b2da5453848c1cbb9d9c93403b,B,B
84ea43b967259814d939c62131f74df0,B,A
60e7338e9e6bfc746a15a161eb12706c,E,C
a0f5414bf98e094f4d807abee28861a4,C,B
44120a9443c619d98ce5bfe4bb219c43,A,C
38ab26e29a0984b212006d39185c43f3,B,B
a5e207803684eea8a43ca6670c50b354,B,C
af3b9a8b1962cd3bcd19e644d873e7bc,E,E
43a91955fd0717997a16897c3324e095,D,D
7f7a6f2b3087bf37dadbe8aa8d358047,C,C
37d88a9bb24913c1973cc26d4ce3394f,E,E
001b0f5a841fd81d13fbe67c7c7179d6,E,E
9f9ca9bb06d6afc31b19c365fb29a1c9,C,C
d60c5a494539c66982c0f692afde9499,B,A
a6d3a2cb250a6310b8cabd31dbe2138c,A,A
27c523eb9099d2eec66296558eb4448e,C,A
2509fdd7d94afe9d0c021654ce0ba93f,B,A
75b8195e23c6bada574f1e41471b8f23,A,A
df1bf6f3f87975aa0c1b6d6153d9ecef,B,A
e99d4cb2e69d3e020ee9e4e9a84ac45b,B,A
b1274d6f5969dea4d46f43fbdc28fd97,A,A
001cb999a61a5c8b4031ff53cf261714,A,C
18ee7a93410a6b4c9cec5d4894775991_1,C,C
3b8be90fdd8c67571d8d692eaa6dd87b,D,A
300bd7704ae8c5fcef618902f18fd01d,D,C
f18833ace65a54709377134168b457a9,C,C
5bba03b425f5abc6e017f194cf074b06,B,B
78276a4eab6e8d6b9ae3749211816977,C,A
cf33e0f5891ce53a716432be06a46ee1,C,E
3938d6e50d38b1f8774b4f00a89bdb39,C,C
cabefb7063a728e77abd44d97397a2a4,C,C
60b909ad1d7956218a5d99954fdebecd,D,A
9fdebd1c2cf498f1d726a025b780a39a,A,A
f36027954e43cfd926451bdf7cb0c3ac,B,A
7ec14907622c6d5a6087cd59a22d8c9d,D,D
efe488f67b53a4b6e69782c01c84f06c,C,C
7c62637437ad7515452886074010a438,A,A
4f7be1c68654e2924c161c8eca652928,B,C
e4976ee741cf4b28b8a42780ffb15774,B,B
14e75a42a416d32a24e2826cae34d2bf,E,E
004607228ad49b69eac932c1005d6106,C,B
a7f54ee1866d5db34eacf40efa53c93e,C,C
e56c56c3cfe50ba0c787c2bd67255be8,D,E
6f48ee564a48293eb501cc0d8197bdd9,C,E
13d2a103abbed930cabc9567a1ba12f2,E,E
0c1efb38e023ee9725486fbec4f2d797,D,E
b7ab4a5e0c19a98f41cd1ba3176f2dff,C,A
8bcbb5098876940b2382db3a9a0b1beb,D,C
c7ce02d9365fe9275f88338ad51cbde6,A,A
fb54a118d46b2776e435d411ae3dd9c8,D,A
2c13e6d61e3733db90a9fd22d72b3337,C,C
350292ae429060a00ff2cf64d71558e4,E,"
Selction E: chemistry lab.

Explanation: A person would light alcohol on fire in a controlled environment, such as a chemistry lab, for observing the reaction due to safety concerns and proper experimental conditions. It is not advisable to light alcohol on fire in a supermarket, bar, pub, or restaurant due to potential hazards and safety risks."
179fff4b5928e5ac3d3ae3e1db782547,D,D
81cc0d320488c7bacafb285cf7db5fbd,B,A
26c8a7165d0ed7250b9328f90d83ba83,D,C
636fc69dee35cd357b4191b47e64d0e5,E,E
f0c4622a082eb9ad0690dd36dcf61297,E,E
4499ebd5e8188b0d5fdef6afd893017a,E,B
230cc491829307e8edb5423c8d09f945,C,C
6163a897cd7eac1deddd4c002a1930ae,E,E
55478486079423907508a06be13ca536,C,C
4fa0d61ec82eb1e238d8938d5f43f392,D,D
b4f79ca5f3595248ee25292ab60ad105,A,C
c39131d979c9205c11d0e109e18188e4,E,E
bd773d64f4e22db2358c6e00cbdf2d83,A,A
2b416120e2fbd84b44b5dcd4eb42ed5c,D,D
cef855ec07c66a731741026c2839b0d3,C,C
0bbb82c1dc4bfd3b0e0c409a0afd248b,A,A
67beae081a9b5ef56988f205f80cf129,C,A
3b4dcfcab4726496bdbe9535cc669082,D,"
Selction D: indigestion.

Explanation: A lactose intolerant person cannot digest lactose, a sugar found in milk and milk products. Eating dinner made of cheese, which is a dairy product, would result in indigestion for such a person."
eebddf5f35d85e9fe2ecbd9b56c1db60,A,A
5393ba1ce298bd1ac4744c07d7373a9c,D,A
fde48d43e27cefed6ed9c52514e0bb6d,A,A
da83d85e28778c082d9a63f5b890b26d,A,A
cfa980561efe82e7ae7080d4f081b463,D,D
384b89e789e0f4b4796120394fb6303b,D,D
0d66d33a17e41eaa3278ca7b3930c5ea,E,E
732183ead4206e51ed4df18b9c9f14fe,B,A
2632ff6c9b781d3aa74e8dd36b990871,B,C
63db79b940f36f0333377f85c19eacb2,B,B
1520a8fd3116e7b856947c5e308d7ce5,C,A
bd780fea2d4dd262583446e64c0f314d,C,C
99e0b2ddf88ebed98b977043b7c2331b,E,A
eb0e0c4eaf19c1e9b4df3b4d3a11be3d,C,A
467a3b464b08b3ffc9922e2a726554f6,B,D
dea70fe40fac9ad03bf319bf8a480efa,D,D
2f1680da0d388a8453150ff3637e4689,E,D
8369adc4b4710d00f917d80a75d844d7,C,C
20a3bb788cf408d9a3e25e610fe60905,D,D
36c1f50eec01c287b8ef6ffe69fe0528,B,"
I. Understand the problem:

1. The problem statement asks for the place where a person wanted lodging, meaning he was looking for a place to stay for the night.
2. None of the options (A, B, C, D, E) directly answers the question. We need to infer meanings based on common usage of each term.

II. Devise a plan:

1. Analyze each option and consider if they provide an answer to the problem:
   A. Yurt - a portable, round tent originally used by nomads in Central Asia. It's not clear why someone would want to stay in a yurt when they specifically need to be ""already where they need to be.""
   B. Resort area - a location that usually offers various amenities, including accommodations. However, a resort area is not a specific location, and it doesn't guarantee that the person is ""already where they need to be"" as the phrase implies.
   C. Big city - A big city is a large urban area with a high population and usually provides various accommodations and opportunities but again, there is no guarantee that the person is ""already where they need to be.""
   D. Michigan - Michigan is a state in the United States. It does not provide lodging options.
   E. Going on vacation - Going on vacation is an action, not a place.

III. Carry out the plan:

Based on the analysis, none of the options provide a direct answer to the problem. Since the question asks for the place where the person wanted lodging, it seems incomplete and the provided choices may not be the correct options.

Correct answer letter: No Answer (N/A)"
5f4825137a27f369fe859e85dfe1793f,A,A
b3dc6d6a5e2f9d7da8eb72816c80b3f8_1,A,A
63bb6128026ce24209583d0eea75fc27,D,D
e8a9142d2402f818273dd62cf5a7b559_1,C,C
ead9c9744aee08678759158efe005175,A,C
ab8bf60f76bc6119459271140ccae781,D,C
3c6e2d95a63316b31986e8c7979582c9,C,B
5c171b9837af49211891ce40e4a10204,D,A
56d0fc282a144565f2c852415c6fa92c,C,C
5b8a3081c3235d62bc77e2d15f3ad454,A,A
e43c4eaa04243ddee30f29171718eb92,A,"
A (motel room)

Explanation: Based on the information provided in the question, it is clear that James needed a toilet urgently but could not find a public one. He ended up doing something very expensive to gain access to a toilet. The most likely answer would be a motel room since motels generally have private bathrooms with toilets that can be rented for a fee. Public restrooms in apartments, houses, and games are usually available for free or with minimal cost. Additionally, bathrooms are private spaces in general and not something that can be ""rented"" like a motel room."
84a736d4b702a6869d8fa8523aee6f1b,A,A
72611791cdcb040f2d699827fb9cebc4,C,C
4477fb61fde4bb8695c241dfc366b554,D,D
ce246bc94a54431b9c0530e71d2456b5,E,E
2eef2d255fe629414f4d24ade8590102,C,B
2f85d53721ccc8b3fa4cfc184186d124,A,A
2192c5c2145a6e03755ad89a02e64055,B,B
bea07406aaadeef50110883b6932d86a,A,A
7a58e7e7bf76658751e850f790922aba,E,E
76b2c6d254f9127b4fd66d90e1a330e7,B,B
cdd3d074031fbd3efeb4f9408abef04e,C,C
359aed918343d228e67cef329b693904,C,C
cf02cca40a47c2deefd8b2e5a5ff2f70,A,A
ac1abecdbbd7bcde6592ca645c2ecb1e,A,A
2adbb4fc0d5249dc411dda433f378591,D,B
5a1c8a9dbbb60e523cc1ba14a370729c,E,E
3665b329f93f7c84edeabe394140f8d2,B,A
dbcedaa6a6f1f68bc8f2bf7aef23294e,E,E
ba3a2b9ff289c106051163f840a6f5ba,C,A
13fc28f53423a9b3a656c9431df1b3b5,E,A
3f4b48708d08f8bf7bec796531023f9c,A,A
c61790eb63ff6652b878ca051493c07d,C,A
e5ebbe0ea4097bb197ac525b49108362,C,C
029e36d8f65982b142c319064dc5e32f,B,B
3d1a67f87b34303f97549ba83e5521c2,A,A
e050bce7048da1b3743a54153e91694e,A,A
8233ccb60dd0c0ff3b7ca5d73e5681f2,B,B
eb4b2cd0f2a69686e5a82250c5806b84,E,E
d0bda97a087904320216e4d0b8a08a8d,D,D
e216381e9f0ddd1d248ee25fccca2b1f,E,E
b1fba9ad6193c6751ddb3f58f7f39b35,A,A
3ceae7a18073050bd2c0448abef1f393,B,C
f1182e3a070f5a1be529843aa6e5c20c,D,D
5799089c131e26473697afc54d5f6964,E,E
7ce1f99e8185489a7113e6d18c71abb0,D,D
69425fb4cd2dc034e9ff223d2d5676ec,B,B
f75b22d5b88ac56ae7df030c1ebeded5,E,E
4eb3e69c0d42a2287692d2b9d2cb5979,B,D
7d937233b4a9043da0b976dbd42d141b,D,B
6bd176cc91a2a2088807ec446c008856,A,A
c3890d43b84635d9e61c007ca2521d5b,D,"
I. Understand the problem:

The problem states that people do ""something"" for food. It does not provide any context or limitations regarding how people obtain food, such as through talking, completing jobs, wearing hats, killing animals, or believing in a god.

II. Plan:
 based on the given problem statement, there is no clear answer because all options A, B, C, D, and E do not relate to people acquiring food directly.

III. Carry out the plan:
 I cannot determine the correct answer using the provided information, as none of the given choices relate to people obtaining food directly. Therefore, there is no correct answer according to the given options.

Correct answer letter: None."
6195ed74cf445cb5d991e1076a080dde,D,A
37644422df4bcd28b3f54bbf3fc2c0f8,B,B
23d97480fe45bace231503f8fc367a5b,E,E
15556e26feaa5a8a29c9f30896e535d4,A,A
6be05d227f4f6fe727218fc8be9df340,E,B
3f3ba1d9a3bfe63df11247a968eaddce,B,A
ca9a3ccfb140aa66816f96ac983b6d9f_1,C,C
487cabfcd776d89748ee7e7bb681ad59,C,C
6915dfdefe3b1cd5fd8886c8bb84929a,A,A
ec224c1dbfb569cce7ec317fe987ae68,B,E
0cba8ddda21e29c8c53482e131d741cd,B,E
e65559cd9f5d96b577caeb78d9033502,B,B
b8937a30f25093910c040f4e63e1d352,C,C
aabe8eb218468fc63b6c9aa6d428c951,B,A
43ba9669564217f2f909f33acbedaf95,B,B
2b9b625c788584b8d41f1a74d740e126,D,A
eb6807290df71b040e2c7bcc5d11fdea,A,A
f06852fb4bb2764dc208a991d037f211,C,B
5efadabaf61b5174916e3ab659bcd283,E,E
e9d4c747018ff81b8c0aefb5abc3c539,A,A
30a8cfd186f1aae5acd425a52d058863,B,B
9e7805871c8a276300a89fe910a90949,A,A
047c2d8c65d297b39aa42821c1ca76a9,B,D
0bed77da54b6c54facd0ee6614aad72e,A,C
32e2adee67aace0a98c830fb39463015,D,"
Ax: Nature creates more beautiful structures than those that are artificial."
8272f08792b873885f93d4c148e307e5,B,B
bc05bc6b4df7a3d25a361515fe8912ad,D,D
b893a6e7a2b172bd71f03c9dbee4f960,D,"
Selction D: Relaxation.

Explanation: The question asks about what happens to the body when going to sleep. The answer is that the body goes into a state of relaxation. Snoring (A) is a noise that some people make while sleeping, but it's not what happens to the body when going to sleep. Latency (B) refers to the time it takes for a neuromuscular system to respond to a signal. Dreams (C) and dreaming (E) are mental processes that occur during sleep, specifically during the REM (Rapid Eye Movement) stage, but they are not what the body does when going to sleep as a whole."
cf8e30dd6956d03e3f0f0397112a8696,A,A
159d50e325b59c6d29ec371500e173b4,E,A
17eafc807b198236faf06a66f4c05313,C,C
24eebfa678112100803da16dde148b2d,E,A
ec882fc3a9bfaeae2a26fe31c2ef2c07,B,B
0a006d16d9042e0c170935e5fbf7f9af,E,A
d33a81660058e570a18fb2eafa284a78,A,A
1e09c3136a743b862e783700b7667028,E,A
5e851c47682bdf79ec7c139ecf124c9a,C,C
b148f18fb8b5a504b67078ef6ac29717,D,D
b6bbe013995fdb5def3d504319af0791,C,C
0c2fa15a02d0b6ca6707e98fac7589e4,A,A
a656e74a943f9e2698a25bbcfb4e96db,C,D
8086f022f2d4a4888ae1f8c7e4541ab9,C,C
5655a3002dd9a6b7dabede1dd26a5893,E,C
17d9bfaee1efac51b1ca240125bc5977,D,A
801431167b8bff06b9870abe9721536b,D,B
85ebdd4f1a3c2ac900eee8e75e48ccaa,E,"
I. Understand the problem

1. Read the question carefully.
2. Identify the key elements: feeling, giving assistance, needy.
3. Determine the likely emotional responses to giving assistance.

II. Devise a plan to solve the problem

1. Identify emotional responses from the given choices.
2. Eliminate incorrect choices based on the understanding of the problem.

III. Carry out the plan to solve the problem

1. Identify emotional responses from the given choices: reward (A), boredom (B), pleasure (C), happiness (D), satisfaction (E).
2. Eliminate: boredom (B), since it is unlikely that one feels bored when giving assistance to the needy.
3. The correct answer is: happiness (D), satisfaction (E), or pleasure (C).
4. Eliminate: reward (A), because the question asks for a feeling and not an external reward.
5. The correct answer is: happiness (D)."
db1eb157671109bbb9113b0f71a6b957,A,A
c02a3c2d4f726b9e1be99533a24a6ab4,D,A
3ed6391c539e6daa5b5fdb1b6d5d8ace,A,E
1db19a32a3edbff9981976dc9ec800ce,A,B
1e5a138b4c7d456c37abf4990b402bbe,A,A
9402864beae075392d2ee6c10115fc21,D,E
25136807f7b2e78b115698daa1677b4a,D,A
bc10bf2bfae26a2226823d42956f6cf0,B,D
5a6559db6bae37e3a8af7350be212219,D,B
7ae17f5aecacf18c94a47cc48deb6c36,D,C
5d809e0ee19badc66071653630ea7c51,A,C
ad0943fc37034cd2b7e485021f8b1b8c,D,D
c2a8c6814ed3e207771cfc23b3b42cf1,B,B
0b52cc905fff0ca69a45e6353d10e401,D,D
30d0c2006613eec41ae814d76c17a798,E,C
f7a6d0d816d14210f3af5dabe21bf804,A,A
c306ab28498b67c53decb9dde1d78bd5,E,A
637c710ec9582fd9b9e8eaa3f3fe83bb,B,B
9ae52783d8fdb5cc2e8caa01542c3341,E,E
4f23829b96b38b5633ecc3325281726d,D,C
3fcdc0b03e3c8b10692d642676931f4b,A,A
ddd606743cf71679438a85280f64593a,A,A
420641003ba20b966887dfac684efb17,B,A
064c3074a682893d49c3c5b4f1e89984,C,C
c640116ca6905d5256edadb616b3f76e,D,D
35ad89c198d5d6311a71c993bb7b6cba,E,C
916bbd27545446ca5d83d07c10d013ea,E,"
. E, as the staining with sauces and ketchup is more likely to be found in a restaurant."
e40fd2c17fe2cde4bd4af540d35fd518,E,E
98a04457025f18c2287d5c610ff8000d,E,C
f656a475f07d3adba9d1486eda8e834a,E,E
c865b3547c2a2e3c3916d7be6ab25752,C,C
abd30bab9b96f902fead5378d4f4a1e4,C,C
a4b44a986e7f9045432e20ea75611df4,C,B
1f492f556fae64f72ce36b6caa242dd0,C,C
d0c67c7ae6f2361fe237110455127866,C,A
7bb279e38a1c9eb47a0c7af979a131a2,D,A
3095078e4771053d9d5fa8d4f5f3dc38,C,C
b23edb651e623e5d1e03e8ed3937e8fc,B,B
acf6b667e9353b1743b7c4f60a6a9017,C,C
15b090801256085ad465e74af47cbee9,C,C
790b3f583e9bc9424c771691ecc70c20,D,D
22b8219d43a38a1130e0a35ece152337,A,A
5d4233146435ab0ca211e8ac9bfce76f,A,A
be737cd4db844574ef594442ce6c9453,A,A
550164b7cf4e03153484136f10122c70,D,D
a617eb4d27edea93e7fd630ce00c8219,C,C
bd47827418d5b8d7fb3502a398644435,D,A
31487ab8b1e8f12e252590cc58bd19c2,A,A
ce2fd94212243f843b3f357046051f57,A,A
f87f40db71a56b5beda3194550202dc9_1,C,C
0b25bbd9e9aa976655e1975e31331709,B,B
925232b4c9bba945a38ac7ef0f15f8d0,C,C
3338109fcafaaa370c8900a53e1b3ed8,B,A
e172a93c72d305ee8262a8deb00d9fc3,A,A
f1c2e37abf17d9e4ad16eb40f966c79f,E,"
Selction E: Music class.

Explanation: The triangle is a musical instrument that's typically played by striking it with a mallet. To learn how to play a triangle, a student would benefit from taking a music class that covers percussion instruments, as opposed to math class, math book, Pythagorus' band, or orchestra."
d29252ddaf7c7ef491abcce342d7bb98,B,B
8c3c6b34bdb650a6517bca3786406c99,E,E
ff1bf2ec835c9df8695ae0cfb5281646,D,C
c7526b682e64f355384631b35cd78fc9,B,B
0fba83d3997f048adcc31937221af77e,B,B
a5456dc611aa93b81d7ab6ed8e160f85,D,"
A (in this context, a tribe's leader is often referred to as a chief)"
11416df796f63d2f0dddc846b9c139d3,D,D
c908d7c4633c5e6add9463bdd47cb27e,E,E
7e522a60756f854c5331125f998bc36b,D,D
f4a75bf3f115b826a8097edfd0ff2781,A,A
02f43014a135cbd39f23b044c99de96e,A,A
8cf478192696744b3427f7c109019af5,E,B
4ccd43cdff044bc4c644dadff1ff1e0b,C,"
I. Understand the problem

The problem states that ""they"" are getting a surprising show ""over and over.""

II. Devise a plan

The context of the problem suggests that the surprising events are probably unexpected and out of the ordinary. Based on the choices provided, the most likely emotional responses to a surprising event are:

* Surprise (A): The person might be pleased, astonished, or shocked by the unexpected event. Although surprise is a common reaction to a surprising event, it is not explicitly stated in the problem, so we cannot assume it without further context.
* Fight (B): Fighting is not an expected response to a surprising event unless the surprise is threatening or provocative. In the given context, we do not have enough information to determine if the surprising events are threatening or provoking.
* Annoyance (C): Annoyance or irritation could be a response if the surprising events disrupt regular routines or cause inconvenience. However, the problem statement does not suggest that the surprising events are disruptive or inconvenient.
* Might scare (D): Fear or fright could be a response to a surprising and unexpected event if it is threatening or dangerous. However, the problem statement does not suggest that the surprising events are frightening or dangerous.
* Irritated (E): While irritation is similar to annoyance, it implies a stronger feeling of frustration and anger. The problem statement does not suggest that the person is experiencing strong feelings of frustration or anger towards the surprising events.

III. Carry out the plan and output

Based on the information provided in the problem statement, there is no clear winner among the choices. Therefore, without further context, we cannot definitively determine the correct answer.

Correct answer letter: N/A (Not Provided)"
7b7941b883328ad39048d4dfb1eb5623,E,A
008b7ba0c039f6d0d542c6c90aae173c,C,C
4c968fa73699a38639ba3ffa1745bc21,B,A
b1d5cdbf8ef7b3954a6a352bd4df5866,A,A
c3bc395561113c96ec43afd715da5061,A,E
d0bd5b5ee7319d1c4727e38d429dd54e,E,E
81f5e741d970578867495ceea5a0c848,C,C
6714593a8d1f8ae39930c1f0316e9ffc,D,D
75cb55aec7e64f592c01eee5d4578dcd,A,A
0b30831fb1862bc62339bdf930cbc447,B,B
29c194d032a266a7160bff6f546a4d9d,D,D
ea33206992fb7ad1c3476e9673bb4a9c,D,E
2b7dd91da5dde1560ace2cd82af926de,E,E
eb50f536830ba18ab987c7ff652e2aba,A,A
6bc3ebcfd04965c25bde71339955746c,B,B
163898952cb6baf3a6440696e1352e86,B,A
aa984e2b487d08889bc0c73bab5ac945,D,A
d78baca23e0a636a8961e17119047e63,C,C
ac6378b5e8462dc1bde1155d706213d8,C,A
c1aebf059c5102f4e773f7fe4afe13f0,D,D
1017807310a25d3ea4a4ec305e91cba3,C,B
7192c9f5c513aac9042bad595ff5af9f,E,E
7c05e8d5a057085455eea243fbd1cd90,D,D
3cb91a71a6567da870eedf37becc97ef,A,A
9b4bbf3c4d24ecdb4b27320afb706808,A,A
43df3a316880d8bab346c06bd43b94dd,D,D
858a5eaa587fe0e266722228671a6bd1,A,A
34005ef0caafefc8585c9fcd50e94557,B,B
f61d83f90b92a8d537989e55ee70542d,D,A
3bf06235a537adc9d85431846595b800,B,A
79ec11d8072ce42779adfe0a19bd5374,E,A
2982d0eae1bf880f5930341af7665716,D,D
ba9132ebf2bc3ad21e6a0631dc4e0a77,E,D
d06de16a4aaeaef32b398c1213257b4a,C,C
eee9476bf29498b7d74b043afe316fc6,D,"
I. Understand the problem and devise a plan to solve it:

The problem asks where apples form on an apple tree, but the given choices do not include an answer related to apple formation on a tree. None of the options A, B, C, D, or E can directly answer the question as stated.

II. Let's carry out the plan to solve the problem step by step:

The correct answer letter is not among the given options, and it seems there is an error or misunderstanding in the question or the choices provided.

III. Therefore, there is no correct answer for this problem based on the given choices.

IV. Output: 'Correct answer letter: None'."
a85441d6a0e3f871d81a9f19b31360b7,D,"
Selction D: major city.

Explanation: Nightclubs are typically located in major cities due to the larger population and higher density of entertainment venues. While Manhattan is a major city and has a high concentration of nightclubs, it is not the only answer as some major cities may not have the specific name mentioned in the question. However, ""major city"" encompasses a wider range of possibilities and is more likely to be correct in this context."
f11a2975898033893d6a38f75d791fdf,E,A
a2977fd575faba162d04a490dabd1b9b,C,A
cd39e442204d3edf7acc185fd59c8a44,D,"
A (answering based on the given context, a linen closet is typically found in a house)"
c77e1039d78cdff197a370fcda0f2b9f,A,A
f537f6bb8527724e0b1e1c1051326cd5,D,A
d3b145911a76fd6fbe9a23ab027be024,A,A
dc2fa76467ff342abdb4cf142f92dddd,B,B
246249cd7976358051a9811ff9c30736,D,D
32be8cbc1b5a967310bcab8b80563481,B,"
Bodies: B.

Monsters are typically depicted as being frightening or terrifying beings in folklore and popular culture. Therefore, the most common feeling associated with monsters is fear."
ad769851a59375865607452d3bf2a45d,B,B
5ea6b94d1a911365b06cf776919413e8,B,B
820df15b615d221e38a71fcc44461085,D,A
0a4a00ba435397c4a0496dd2c2426be7,E,A
a7f29f4aebe0e3bcb77038fea71bf28c,C,"
A (The choices suggest that the wizard is attempting to do something harmful or negative to the princess, making options A, C, D more likely. Among these, A is the most straightforward and general, covering a wide range of harmful actions, making it the best fit.)"
ecd32cc0c17d4738a27bba3399f04591,C,C
8b2af2d865b7dc500427786c846eacaf,D,B
383282aace64dd49138bac2392f8b38e,B,A
eaf6838d29bcd4ebf408da2f75aa65c3,B,B
7c8bc9c0e56389eef033bca40c88c151,D,C
ca60a46c9007e4b6213f50bfb5342fdd,B,"
A (trouble): Cats and dogs can have conflicts, so finding your cat in a dog's mouth is not desirable."
f50209f04d11690d7c8f30e29b35ff02,B,C
d725f1c2e150a3221de31612123f3f46,A,A
f7735d721dfdc94621154951d4eaa4cf,C,D
eaf980db7e945b1cf6d648fa55ddcb5e,B,A
8bbfe8cd056d612e9d3190f278bef287,C,C
aa7c4c351cf8d59792aa68e3de339db4,B,A
23df3bac9cfcb156f4cfd8a05f21c5e2,A,A
d21777d771dc6fd08e769d378651817e,E,E
611a4cc0e288b8a11afa923f48cb2ab4,E,C
8e7941ce31996ca83cc0a68f7313c96d,B,B
ea02772e27f5bd40eced3b65e8c6427f,B,B
de54d03e69d9765872f95ff06ed21499,B,B
b231a732a3fdf0621391e7e385f8d651,D,D
b9121c3228f961c5ad68958c702cd94b,C,C
4015ab002ff8c233d1c7ef26f5156b88,E,E
0197ade3bb26d163ab2e284c960c626f,A,A
a90f9197a13c64089c9ba95bcba275ad,D,D
684204df916cc58d47293960f9c6ed9f,E,C
a2aa95861ef74bf1ecfc55db505e3982,D,"
great outdoors: D

Explanation: The farmer is most likely to be in the great outdoors, as that is the general term for natural environments such as woods and forests where a weasel might be found."
8555dd9667d010018961a2f7d1c22704,D,B
84a761f516efce04ab27d7ca8dd25255,B,A
45a6becd307342669d9d17474e50b97a,C,A
c509c499bace6de324b39c0d4d0c30fa,E,A
77ddc9134bb27f9962aa2ed5ec5a5ef9,B,B
715583129369c0c5c9f499c93a1c095e,E,"
I. Understand the problem:

The problem states that the potato might be the official vegetable of a certain entity or place. Since the options provided do not include typical categories for official vegetables (such as a state or country), the most plausible option would be ""B: kitchen cupboard,"" as a potato is often considered the staple vegetable in many households. However, without definitive information specifying official designations, this is just an educated guess.

II. Plan:
Since there is no clear indication of an official designation, and our educated guess does not fit any of the provided options, it may be best to disregard this question, as the answer cannot be determined definitively based on the given information.

III. Conclusion:
Correct answer letter: None.

This response is an educated assumption based on the given context and information. Since it's an assumption, it does not meet the strict definition of a definitive answer. As a result, no letter is provided."
a478e8b7c049781574f7fbb11ba1eec0,B,B
f427f9de6bf580314531baf86de8acbc,B,E
0f7425ecbe369bf41a230aab92d84132,B,C
c872c08a95dd28a16479b76f240a4ad5,D,D
08d908ed723f813574992195d61386a2,B,B
5365fd00ef8cec62ee5685e246a939db,E,E
5649bd90dbb57e223fd843b7a4563a0f,D,A
0a2195ae8d4706abc5721578c9991466,B,B
5d15989039d46156b417c149728591de,B,B
6eb57102b44ab74163d8f9821cbdabd0,A,B
63861ac5e633db9090704ae315ef6f93,E,"
Cooperate in good faith: E, bridge. The landscaper was building an intricate bridge over the creek using stones."
8058c566a4f488033d00e6520b17caea,D,C
57b83653d82b27d32bc39228130f3516,E,A
410f907f817dd7aa8e73291a918d3d86,D,D
506c2dbfe7b00a82bfdf0507a8de88fb,E,E
42520bf3f93f8de23670044e019001a3,E,"
A (The low trickle of water revealed a stone. This description is more likely to occur in a body of water like a ocean, river bed, creek bed, rather than a driveway or gallbladder.)"
5e260e1d96187716888cbd968010bb65,D,D
ed50555f8db2b8f66caf9868dcd7e13b,A,A
a8c284637dabc87745a7eb05d4f7fcbc,D,E
5758a0fb686071e95d95b1cfad5299a0,C,A
d986f17acb3ed19c77e3ca3f98c026b9,D,D
4a4f6408fae400ce0beb5bea0f9913e9,E,E
8c655f3a55bde41aad880f138d7a445d,C,A
56417ee33b44f0d916bedfb6fd99b0ec,D,D
43fb083962f825ae651d88648bbd2f74,D,A
aed771629c8dbd0c2587891e98030607,E,E
d0a42c8180b4e080aa071dd70fce7e03,B,"
I. Understand the problem

1. Read the question carefully to identify the main idea and the relationship between the given and the question.
2. Identify the meaning of the phrase ""despite access to this"" and consider what might be the opposite of ""getting duller.""

II. Devise a plan to solve the problem

1. Brainstorm potential answers based on the given problem and choices.
2. Consider how each choice might relate to the main idea of the question.

III. Solve the problem step by step

1. Eliminate choices that are not relevant to the main idea. In this case, economic boom (A) and produce sound (C) do not seem to have a clear connection to ""getting duller despite access to this.""
2. Evaluate the remaining choices based on their potential to answer the question.
3. The phrase ""despite access to this"" suggests that there is something that should be making people smarter or more intelligent, but it's not happening. Therefore, the answer is likely to be something that represents a lack ofprogress or knowledge.
4. Teach (D) and follow instructions (E) are neither necessarily a lack of progress nor a cause of dullness.
5. Advance knowledge (B) is the answer that fits the question. Computers do allow us to access and advance knowledge quickly, but despite this access, we may still be getting duller. This could be due to a variety of reasons, such as lack of critical thinking skills or distractions from technology. But the fact remains that access to information alone is not enough to prevent intellectual stagnation."
533599262a5dae7c7137cfe69e0e24fb,B,A
edd1634d911614590c6b8ca730df95fe,D,A
9a544e9f4847c41a15fdf47ae7b98d8a,B,A
26bd85f05d29863ed777a4f1a4b8fa63,D,C
3884d82524f2337ce53ce64776293cf7,A,A
acb3147d946db3b06a596d48e0be56cf,A,C
52ab95f9216f1994e37cc08f7f258f13,C,A
f60641f550d5ee44ac1bedcaf6ad6357,B,B
d9835ede7a0ed79325de13ca95b85b78,D,D
2987db72e66f5fa0015ac64f9b3614ec,A,A
8b548832703a8c68a788e2f9c0e222ae,A,A
1ddd239a2a6438a891cb411b82e7f450,E,A
6544a50bf9563d52dbd2034e81df0bf3,D,D
5ff6ce8ad88459272ffe23d33db4970a,D,D
2ca05683157a3cd89d82016f13e560ec,B,A
1a8fbab20bbdf0bbf3961894662d5f7c,E,E
5b5d2a8b83282f61c68a870116042f64,E,E
cfa081b5ba90dae4d7ddb5b7ad9d369a,E,A
009a7aabffe0583fc2df46656b29c326,C,C
2521b3fe6bfd6aeb91f9107dc7c4fbee,C,C
3fe45ab3bd4a844ea290050fc0ece8c1_1,E,A
a2e0f6b5651e5271fcff8d6f5c9adfee,A,A
d6900a01a9dd6627b4bb22b0f6d191a5,E,E
8f2976690c83be6b8fa3a1196dfd9722,E,C
570be8c1edb8c638603dc5c8cae421cc,C,C
08d3175de59a639be02f2ebc032d56bd,E,A
549cf641318edfc0510fa7c7dbb359e1,C,"
Corpsct answer letter: C.

Explanation: To get a rosebush, the most logical place to go would be a garden center, where you can purchase one directly."
dfa23d3422b7294843447b6950d2b476,E,A
1fe90a4aee405e1aa2279442d28803ae,E,A
01794dde3ca2991615f1aa2f63fb22e3,E,B
f794e376672c98ac25d8f70506a26e68,A,A
ace8fa2943ba8414aebdb74b48906fae,E,C
21ce6f7c5c3d1ad8cf234988c1ad471f,B,A
6c84e79d0595efd99596faa07c4961d0,A,A
88f1fe6cfbcb1a25f25454341c789463,B,B
5074bcaf0f700c9f3c8c563067af156a,C,C
6a253e076cd2af00e17d9950d70daf47,A,A
5af7c7860e3be61d4cfd814cc109f9d9,C,C
